user_id,product_id,review,rating
올립영전메이투,25,"🫶 (구) 올영 메이트의 찐 간증 후기🫶

얇아서 섬세한 표현하기에 좋고 색상 자체도 아이브로우 중에서 밝고 연한 편으로 나와서 초보자분들께 제일 추천 드렸던 아이템이에요 ! 확실히 연하게 나와서 인상이 순해보이고 싶은 분들이나 연한 메이크업 하시는 분들이 좋아할 거 같아요 ! 저도 눈썹 그리기 시작한지가 오래되진 않았는데 색이 연하니 짱구 눈썹될 걱정이 적어 손이 자주가는 아이템이 되서 벌써 3통째 사용중입니다 ^^,,, 다만 얇아서 부러지기 정말 쉽습니다 ^^,,, 한번 부러지면 거의 양이 없어서 새로 구매해야해요,,, 그래서 벌써 3통을 쓰고 있는 거 같기도,,, ㅎ 그래도 자연스러움 하나는 최고라 계속 쓸 거 같은 아이템입니다 !

🙇‍♀️🫶 도움이 되셨다면 좋아요 한번씩만 눌러주세용 🫶🙇‍♀️",5
올립영전메이투,26,"🫶 (구) 올영 메이트의 찐 간증 후기🫶

튜브 형태 립밤하면 노란색 튜브인 토리든 브랜드가 유명하잖아요? 근데 브링그린도 튜브형으로 나왔길래 좀 더 가격이 저렴하기도 해서 겨울철 립밤으로 구매해봤습니다 ! 스틱형은 겨울철되면 추워서 그런가 가끔 얼어서 뻑뻑해지는 경우가 있아 원하는 양 만큼만 짜서 사용 가능한 튜브형을 선택했고 생각보다 보습력이 좋고 보습 지속력도 좋았어요 발림성은 말해뭐해,,,? 그래서 요즘 제가 가방에 넣어가지고 다니는 꿀템 플러스 애정템입니다 💖 가성비 좋은 보습립밤 찾으신다면 이거 한번 써보세용

🙇‍♀️🫶 도움이 되셨다면 좋아요 한번씩만 눌러주세용 🫶🙇‍♀️",5
올립영전메이투,27,"🫶 (구) 올영 메이트의 찐 간증 후기🫶

생각보다 묽어서 눈에 들어가기 쉽긴합니다 ! 그래도,,, 저는 마스카라 특히 고정력 짱짱한 거 쓰시는 분들께는 속눈썹 뽑히는 걸 방지하기 위해서라도 추천드리는 제품입니다,,, 사실 아이리무버가 있으니까 이게 굳이 따로 왜 필요한가에 대한 생각을 가지고 살았기 때문에 인기 많은 건 알았지만 늦게 사용을 시작했는데요,,,? 굉장한 후회,,, 여행갔을때도 너무 잘 썼어요 사이즈 자체도 크지 않아서 아이리무버 안가져가고 그냥 이거로 마스카라 지우고 나머지 클렌징 진행해줬습니다,,, 증말 잘 지워져요 그 고정력 짱짱한 클리오랑 에뛰드도 잘 지워내줍니다,,, 생각보다 용량도 많아서 오래 쓰더라구요 ! 제 인생템이 될 것 같은 느낌,,, 꼭 추천 왕추천 💖

🙇‍♀️🫶 도움이 되셨다면 좋아요 한번씩만 눌러주세용 🫶🙇‍♀️",5
올립영전메이투,28,엠보면이 있어 각질 제거에 탁월하고 패드 자체가 얇지 않아서 결대로 닦아내기 좋았어요 !,5
올립영전메이투,29,"생각보다 비누가 빨리 닳는 감이 있다는 점 참고하셔야 할 거 같구요 ! 절삭력이 정말 좋아서 잘못하면 피보실 수 있어요,,, 진짜 잘 다루셔야 합니다 ! 그 외에는 부드럽게 절삭되고 좋아요!",5
올립영전메이투,30,"🫶 (구) 올영 메이트의 찐 간증 후기🫶

속눈썹 영양제하면 제일 매장에서 많이 나갔던 브랜드가 코스노리인데 저는 웨메랑 둘 다 써봤거든요? 근데 웨메랑 코스노리 둘 다 눈시림 느껴지지 않고 동일하게 튼튼해진다는 느낌을 받아서 이렇게 성능이 비슷하다면? 가성비 있는 속눈썹 영양제를 찾아보자 생각해서 1+1에 코스노리 단품과 가격 비슷한 홀리카를 구매해봤습니다 ! 홀리카 블랙틴팅세럼도 써본 결과 효과 비슷해요,,, 눈이 덜 예민해서 그런진 모르겠지만 눈시림도 저한텐 없었구요 ! 확실히 속눈썹 뽑히는 거가 적어지고 언더 속눈썹 길이가 길어졌습니다,,, 가성비 체고의 속눈썹 세럼으로 추천드려용 ☺️💖

🙇‍♀️🫶 도움이 되셨다면 좋아요 한번씩만 눌러주세용 🫶🙇‍♀️",5
올립영전메이투,31,"🫶 (구) 올영 메이트의 찐 간증 후기🫶

워낙 메디힐 제품의 마데카소사이드 들어가있는 제품들은 유명하잖아요? 마스크팩이라던가 패드 등등 얘네는 출시된지 좀 오래되기도 했고 그만큼 지지층이 탄탄한 애들이라 구매해서 저도 써봤었는데 앰플은 나온지 오래되진 않아서 정말 좋을까? 호기심에 구매해봤어요 ! 일본 여행 다녀온 후에 피부가 정말 많이 뒤집혀서 진정 앰플을 발라도 흉터가 자꾸 남아 스트레스를 받고 있던 도중 이 아이템이 생각나서 지금까지도 꾸준히 바르고 있는데요? 상처 난 여드름 위에서도 자극이 없어서 바르기 좋았고 끈적거리지 않고 가볍게 흡수되는 타입이라 지성분들도 잘 쓸 수 있을 거 같더라구요 ! 꾸준히 쓰면 흉터도 확실히 옅어지는 거 같고 1+1 인데다가 용량도 많아서 팍팍 쓰기 좋습니다 ,,, 좀 더 효과를 보려면 더 써보긴 해야할 거 같지만 2주 정도 써본 지금 확실히 흉터 같은 건 옅어졌어요 !

🙇‍♀️🫶 도움이 되셨다면 좋아요 한번씩만 눌러주세용 🫶🙇‍♀️",5
올립영전메이투,32,필링패드라고해서 다른 패드들처럼 엠보면이 있는 패드일줄 알았는데 엠보처리 안되있는 패드더라구요? 엄청 부드럽고 얼굴결대로 닦아내도 자극이 적어서 이게 각질제거가 되는 게 맞을까? 라는 생각이 들었는데 다음 앰플 바르는데 확실히 결정리가 된 느낌이더라구요 ! 다음날 일어난 뒤에 화장도 아주 잘 먹었구요 ! 그래서 각질제거가 필요한데 민감성 피부라 너무 자극이 가지 않았으면 좋겠다라는 분들이 구매해서 써보시면 될 거 같아요 !,5
올립영전메이투,33,"🫶 (구) 올영 메이트의 찐 간증 후기🫶

쉐딩스틱이 유행하게 된 건 에뛰드때문이라고 할 수 있죠,,,? 그 정도로 매장에서 근무하면 제일 많이 찾는 쉐딩 브랜드인데요 그 이유를 테스트하면서 알게 되긴했습니다 ! 색상이 각각의 톤에 자연스럽고 블렌딩이 잘되서 경계가 지지 않아요 다만 색상이 쿨톤은 정말 잿빛이라 웜톤분들은 색상 비교 꼭 해보셔야 할 거 같아요 ! 근데 정말 잘 부러져요 ^^,,, 정말정말 약해서 떨어뜨리는 것부터 사용할때도 조금씩만 꺼내서 사용하셔야 부러져서 못 쓰는 불상사가 일어나지 않을 겁니다 🥲 이점만 참고하시면 굿

🙇‍♀️🫶 도움이 되셨다면 좋아요 한번씩만 눌러주세용 🫶🙇‍♀️",5
올립영전메이투,34,"🫶전 올영 메이트의 찐 간증 후기🫶

이 립제품은 출시하기 직전부터 엄청난 리뷰들이 있던 제품이죠 ㅋㅋㅋㅋ 근데 그럴만한게,,, 이거 용량이 5g정도란말이죠? 근데 할인 안들어가도 한개에 만원? 클ㄹㅇ나 다른 매트류 제품대는 3g 후반 정도에 만원이 훌쩍 넘거든요 일단 용량과 가격에서 메리트가 올라가죠,,,? 이것만으로도 붐인데 색상도 기깔나게 뽑았어요,,, 전 색상 모두 너무 튀지도 않고 약간 가을 겨울 저격해 만든 컬러라 약간의 톤 다운이 되서 나왔거든요 ,,, 저는 퍼스널컬러와 상관 없이 전컬러를 구매하려고 합니다 ☺️💖 입술에 블러처리가 기깔나게 되서 각질도 눌러주고 입술이 아주 예쁘게 표현이 됩니다 🫢 이 가격에 이 색상 이 용량? 안 살 이유가 없다 ! 그러니 전색상까진 아니더라도 원하시는 색상 1-2개는 골라잡으셔도 후회가 없으실 거 같습니다 ☺️ 겨울철이라 입술이 건조해지는 시기니 보습과 각질케어를 좀 더 잘해주시면 더 예쁘게 바를 수 있어요!! 🍀💖

1호는 딱 베이스 컬러로 사용하기 좋습니다 🫢

🙇‍♀️🫶 도움이 되셨다면 좋아요 한번씩만 눌러주세용 🫶🙇‍♀️",5
올립영전메이투,35,"🫶전 올영 메이트의 찐 간증 후기🫶

🩷개인적인 후기: 올영픽으로 있던 제품이라 메이트로 있으면서 테스트도 해보고 설명도 읽어보면서 후기를 많이 찾아봤던 제품이에요 겨울철이기도 하고 이제 곧 내년이 얼마 남지 않았잖아요? 나이를 곧 한살씩 드시게되면 주름 관련된 제품을 찾으시는 분들이 많아지셔서 아이크림이나 탄력크림등 테스트를 많이 진행해보고 그 중 제일 추천 드렸던 아이크림 제품이 차앤박 제품이었어요 ! 발림성이 아주 좋고 너무 묵직하지도 너무 가볍지도 않은 느낌이라 어떤 피부 타입에도 사용 가능하다고 느껴졌고 차앤박 제품 자체가 민감성 피부도 사용가능하게 순하게 나오는 제품이라 추천 드리기 더 좋았어요 ! 그래서 아이크림 추천해달라고 하시면 꼭 얘기드리는 편이고 테스트 해보시고 거의 다 구매해가시는 편이었던 거 같아요 ! 아이크림 찾으시는 분들 한번 매장에서 테스트 해보시면 좋을 거 같아요 ! 용량도 커서 좋습니다☺️🩷

🙇‍♀️🫶 도움이 되셨다면 좋아요 한번씩만 눌러주세용 🫶🙇‍♀️",5
올립영전메이투,36,"🫶전 올영 메이트의 찐 간증 후기🫶
🖤제품명: 웰라쥬 리얼 히알루로닉 블루 100 앰플
🖤본인 피부타입: 지성, 여드름, 웜톤, 22호
🖤제형: 묽은 물같이 흐르는 제형
🖤냄새: 무향

🩷효과: 수분 위주의 세럼으로 피부 속건조 수분 채워주는 효과
🩷개인적인 후기: 웰라쥬와 토리든이 메이트 알바하면서 요 두가지 세럼이 제일 많이 나갔는데 궁금해서 둘 다 구매해봤어요! 사실 저는 세럼이 사진처럼 너무너무 많은데 요새 웰라쥬만 쓰고 있습니다,,, 처음에는 다른 세럼들과 달리 진짜 묽어서 바로 흘러내려서 당황했는데 속건조를 진짜 잘 채워주고 피부 속 수분 채워주니까 피부가 쫀쫀해지는 느낌 ? 그래서 세럼 2-3번 레이어링에 좋고 이걸로 속건조 채우고 다른 기능성 세럼으로 한번 더 바르는 루틴으로 요즘 기초를 하고 있어요! 제가 2통을 비우고 재구매했을 정도로 추천하는 제품입니다 굿 ! 여름이라 지성분들께는 여러번 레이어링 하시게 되면 좀 무겁게 느껴질 수 있어요 ! ( 레이어링하면 할 수록 마무리감이 좀 오일리하게 느껴짐 ) 그런 경우는 여름철에 토리든 써보시는 걸 추천 드립니다 !
🩷추천하는분: 묽은 제형의 세럼 찾는분 , 수부지분들 , 속건조가 있으신 분들 , 가볍게 흡수되는 세럼 찾으시는 분들
💔비추천하는분: 보습력이 필요하신 분들 , 묽은 제형 컨트롤이 어려우신 분들

🙇‍♀️🫶 도움이 되셨다면 좋아요 한번씩만 눌러주세용 🫶🙇‍♀️",5
올립영전메이투,37,"🫶전 올영 메이트의 찐 간증 후기🫶

사실 크림 스킨은 좋다는 말은 정말 많이 들었지만 ,,,? 지성 피부라서 굳이 크림이 들어있는 스킨을 써보고 싶은 생각은 안 들었는데? 석진이 사진이 들어가있다? 10년 좋아한 팬으로 안 구매할 수 없잖아요??? 제품력보단 석진이 때문에 구매했는데 웬걸 써보니 지성 피부인데도 속건조 진짜 잘 채워주고 속 수분 잘 채워지니까 수분광이 아주,,, 피부가 매끈해져서 기분이 너무 좋아졌어요 ! 손에 덜어서 쓰는 게 귀찮아서 패드를 위주로 쓰는데 이건 미스트 펌프도 들어가있어 아주 편리하게 사용할 수 있었어요 ! 제품력도 좋고 석진이 사진은 더 좋고 아쥬 ,,, 굿 템 🍀

온라인 행사의 경우는 오늘드림, 픽업으로 구매하면 사은품이 증정되지 않아요 ! > 그 이유는? 픽업이나 오늘드림은 올리브영 오프라인 매장에서 배송이 오는 상품이므로 온라인에서 나가는 증정이나 샘플이 매장에 있지 않거든요 ! 결제창에 사은품란에 내가 원하는 증정품이 적혀있나 꼭 보시고 구매하셔야 합니다 🫶

🙇‍♀️🫶 도움이 되셨다면 좋아요 한번씩만 눌러주세용 🫶🙇‍♀️",5
올립영전메이투,38,"🫶전 올영 메이트의 찐 간증 후기🫶

바이오힐보하면 콜라겐 모공 잡아주는 그런 보라색 라인이 엄청 유명하잖아요? 근데 신상이라니 안 써볼 수 없지 이 마인드로 성수에 있는 팝업을 가봤습니다 ,,, 그래서 제품 테스트를 해봤는데 에센스가 충분히 묻어있고 반으로 쪼개져서 세로모공이 신경쓰이는 부분에 팩처럼 올려놓은 후 가볍게 피부결을 정돈해주면 된다는 직원분의 셀링에 혹해서 사봤어요 전에 나왔던 라인도 제가 직접 손님들께 셀링해서 많이 판매했었는데 요번 신상이 더 촉촉하고 모공 탄력 위주로 나온 거 같아서 아주 기대가 됩니다 😊🫶 사용감은 흡수 후 끈적거리지 않아서 좋고 보습 수분도 채워진 느낌이라 건조해지지 않아서 좋았어요! 제 거 써보고 이모도 구매해달라고 해서 재구매했어요 ㅋㅋㅋㅋ 요렇게 포장지 뜯을 수 있게 디테일 해놓은 것도 최고,, 이미 한통 다 비우고 요번에 더블 기획으로 가격이 아주 합리적으로 나왔길래 바로 다시 구매했습니다 ! 근데 냄새가 마몽드의 토너 같은 장미향이 좀 강하게 나는 편이라 화장품에서 향나는 거 안 좋아하시거나 민감하신 분들은 머리가 좀 아프실 수도 있을 거 같아요 !

🙇‍♀️🫶 도움이 되셨다면 좋아요 한번씩만 눌러주세용 🫶🙇‍♀️",5
올립영전메이투,39,에센스도 충분하고 1+1 하면서 가격도 저렴해서 무난템으로 자주 사는 아이템이에요,5
올립영전메이투,38,"🫶전 올영 메이트의 찐 간증 후기🫶

바이오힐보하면 콜라겐 모공 잡아주는 그런 보라색 라인이 엄청 유명하잖아요? 근데 신상이라니 안 써볼 수 없지 이 마인드로 성수에 있는 팝업을 가봤습니다 ,,, 그래서 제품 테스트를 해봤는데 에센스가 충분히 묻어있고 반으로 쪼개져서 세로모공이 신경쓰이는 부분에 팩처럼 올려놓은 후 가볍게 피부결을 정돈해주면 된다는 직원분의 셀링에 혹해서 사봤어요 전에 나왔던 라인도 제가 직접 손님들께 셀링해서 많이 판매했었는데 요번 신상이 더 촉촉하고 모공 탄력 위주로 나온 거 같아서 아주 기대가 됩니다 😊🫶 사용감은 흡수 후 끈적거리지 않아서 좋고 보습 수분도 채워진 느낌이라 건조해지지 않아서 좋았어요! 제 거 써보고 이모도 구매해달라고 해서 재구매했어요 ㅋㅋㅋㅋ 요렇게 포장지 뜯을 수 있게 디테일 해놓은 것도 최고,, 이미 한통 다 비우고 요번에 더블 기획으로 가격이 아주 합리적으로 나왔길래 바로 다시 구매했습니다 ! 근데 냄새가 마몽드의 토너 같은 장미향이 좀 강하게 나는 편이라 화장품에서 향나는 거 안 좋아하시거나 민감하신 분들은 머리가 좀 아프실 수도 있을 거 같아요 ! 이모들한테 여기저기 추천해줘서 제가 계속 구매해드리고 있네요 ㅋㅋㅋ

🙇‍♀️🫶 도움이 되셨다면 좋아요 한번씩만 눌러주세용 🫶🙇‍♀️",5
올립영전메이투,40,크기가 너무너무 귀여운데다 4개나 들어있고 퍼프를 담을 수 있는 케이스까지 있길래 ! 구매해봤어요 ! 가격도 할인 들어갈때 구매하면 비교적 합리적인 가격으로 구매하실 수 있습니다 ! 젤리 같은 블러셔나 크림 타입 블러셔 바를때 효과적이고 딱 원하는 부분만 바르기 좋은 사이즈에요 ! 발색력도 좋아서 더는 추천 드립니다 굿 🥰,5
올립영전메이투,41,에센스가 충분하게 적셔져 있어서 쉽게 마르지 않아 떼었을때도 피부 건조함이 적어요 ! 5+1에 할인할때 사면 저렴한 가격에 구매할 수 있어용 다양한 마스크팩을 돌려 쓰고 있어요 !,5
올립영전메이투,42,"🫶전 올영 메이트의 찐 간증 후기🫶

매장에서 학생분을 비롯해 제일 많이 있냐고 여쭤보시는 파우더 브랜드인 거 같아요? 올영 일하기 시작하면서 제품 공부할때 많이 유튜버 분들이 얘기하시는 브랜드여서 알게되었고 그래서 구매해서 사용해봤었는데 사실 다른 파우더들과의 큰 차이점을 느낄 정도로 탑티어는 아니고 그냥 모공커버 잘 되는 파우더 정도이고 사실 지속력이 그렇게 좋진 않았거든요? 바르는 직후에는 피부가 정말 도자기처럼 예쁘지만 그렇게 마무리하면 나가서 수정화장은 정말 어려워 진다는 거 다들 알고 계시죠,,,? 또한 저는 지성 피부지만 건성 피부분들은 엄청 건조할 거 같다는 느낌을 받은 파우더이기도 합니다 ^^,, 그래서 저는 쉐딩할때 브라이트너 효과를 보고 싶은 곳에 이 파우더를 사용해주는 부분 적으로만 사용하고 있어요 ! 브라이트너 효과랑 모공커버는 상당히 뛰어나서 그 부분에서는 괜찮다고 생각했는데 피부 밝기 별 세분화되서 컬러가 나오길래? 한번 더 구매해봤습니다 그렇게 치면 두통째네요,,, 그렇지만 여전히 제 생각은 변함이 없습니다 매장에 판매하고 있다거나 할인을 하고 있다면 구매해볼만 하지만 이거를 대체할 제품은 절대 없다 !!! 이건 아니라는 거? 매장에 잠깐 들어왔을 때 색상 테스트 해본 바로는 크게는 차이들이 없었습니다 ^^,,, 아 그리고 리뷰에 파우더 퍼프 얘기가 정말 많은데 예^^,, 퍼프가 유분에 취약한 애인 것은 확실한 듯 합니다,,, 몇번 사용 안했는데도 다른 파우더들과 달리 퍼프가 금방 떡져서 사용이 어려워져요 ㅎㅎㅎㅎ 필리밀리의 삼각 파우더 퍼프 추천드리고 아니면 브러시로 하시는 걸 추천드립니다 ! 그래도 쓰고 난 직후 피부 표현은 맘에 들어,,, 꾸준히 손이가는 요상템이라는 거 ,,,

🙇‍♀️🫶 도움이 되셨다면 좋아요 한번씩만 눌러주세용 🫶🙇‍♀️",4
올립영전메이투,43,1+1 자주해서 사먹을만해요 ! 일반 팝콘이 아니라 달달하니 맛있고 꽤나 양이 많이 들어서 한봉지 까서 나눠먹으면 충분해요 ! 매장에는 2개 맛뿐만 들어와서 5가지 맛이 있는지 몰랐네요ㅠㅠ,5
기초케어집착녀,44,시루콧토 화장솜만 쓰다보니 대용량이 이렇게 큼지막하게 나와서 너무 좋았어요! 바로 재구매하고 받아봤을 때 '음 역시 이 정도는 되어야해.'하는 생각 했고요 ㅋㅋ 세일할 때 사서 합리적인 가격에 늘 쓰는 좋은 화장솜 쟁인 기분이 아주 좋았습니다. 대만족합니다!,5
기초케어집착녀,45,너무 튀지 않게 은은한 블러셔 쓰기 원하시는 분들에게 아주 딱인 컬러에요! 진짜 속광 블러셔라는 말이 너무 잘 어울리고.. 매트하지 않아서 베이스 깔고 블러셔 올릴 때 편해요. 발색도 훌륭합니다. 소프티 컬러는 다른 특이사항 없으면 계속 재구매하게될 것 같아요.,5
기초케어집착녀,45,헤어핀 예쁘고 발색 너무 잘 돼요. 처음 도포하면 너무 쨍한가 싶지만 톡톡 두드리면 딱 적당한 색깔 은은하게 돌고 리퀴드타입이라서 건조한 날에도 촉촉하게 블러셔 올릴 수 있어서 마음에 듭니다. 디어달리아 이번 라인업들이 너무 잘 나왔어요.,5
기초케어집착녀,46,"르브와 브러쉬 입점하고서 제가 너무 반가워서 다른 브러쉬들 구매하고 파우더를 잘 안 쓰는데 결국 하나 있는 파우더 브러쉬를 르브와로 교체하려고 구매했어요.

교체하길 백 번 천 번 잘 한 것 같고요, 진짜 깃털처럼 가볍고 부드러운데 발림성 너무 좋고 모가 균일하면서 그립에 단단히 잡혀있고 마감과 만듦새 완성도가 아주 높아요.

이 가격대에 이 퀄리티면 정말 남는게 있나 싶을만큼 만족합니다. 브러쉬 중요하잖아요..

다만 제품모델이 그립에 각인되어있으면 훨씬 좋았을 것 같다는 생각은 합니다. 세척하고나서 르브와 브러쉬들이 잔뜩 있는데 구분하기 잠깐씩 헷갈릴 때가 있거든요 ㅠ.ㅠ

그것 빼고는 완전 만족합니다!

사세요.",5
기초케어집착녀,47,카밀 핸드크림 원래 좋은거야 잘 알고 있었는데 이번에 핸드앤네일크림이 신상으로 나와서 주문했어요. 면역력이 떨어져서인지 손톱이랑 손가락 부근이 자꾸 트고 벗겨져서요.. 그래서 발라봤는데 오리지날 카밀보다는 꾸덕하지만 답답한 느낌은 없습니다. 미끈거리는 것도 막 심하지 않아요. 보습감도 오래 가고 딱 손가락 부근도 보호해주는 느낌이라서 굉장히 만족합니다.,5
기초케어집착녀,48,원래 계속 하나만 쓰던게 있었는데 지인이 실타입 말고 홀더타입 치실을 대신 구매해달라고해서 조르단 치실을 구매하게 됐었는데 옆에서보니 생각보다 괜팒은 것 같아서 저도 실타입으로 구매해봤어요. 오xx 치실이랑 닥xxx 치실 굵기의 딱 중간이라고 생각하시면 됩니다. 친환경소재로 포장을 만들어서 좀 흐물거리고 휴대하다가 물에 젖으면 바로 못 쓰게될 부분 빼고는 만족합니다.,5
기초케어집착녀,37,메이크업할 때 기초케어 후 크림스킨이나 크림미스트로 결정리 하고 파데 바르기 직전에도 크림스킨/미스트로 또 결정리하고 화장하면 화장이 들뜨는 것 없이 메이크업을 완성할 수 있어서 주문했고 목적대로 아주 효과보며 잘 사용하고 있습니다. 화잘먹템 필수에요!,5
기초케어집착녀,49,"포장 잘 되어서 배송오고요, 조립도 쉽고 가벼워서 보관도 편해요. 몸 뻐근할 때 이거 딱 조립해서 등 대고 누워주면 목부터 허리까지 쫙 풀어지는게 너무 시원하고 좋습니다. 스티로폼 재질이라 오래 사용할 수 있을지는 모르겠지만.. 가격대도 합리적이니까요^^; 만족합니다!",5
기초케어집착녀,50,"웜톤이신 분들이 너무 연하지 않고 은은하게 포인트 주기 좋은 색깔입니다. (디어로즈)

일단 힌스 립글로우는 다 좋아요.

발색 끝내주고, 발림성 좋고, 색 라인 자체도 세련되고, 끈적임없는 촉촉함에, 미끄덩거리지 않는 적당한 착붙느낌까지...!

저는 건조해지고 착색되는 틴트나 끈적이는 립글로즈를 정말 싫어하는데 힌스 립글로우 시리즈는 그냥 완벽합니다.

사세요.",5
기초케어집착녀,50,"힌스 립글로우가 제가 립제품 구매할 때 그리고 사용할 때 기준점이 되었습니다. 아쉽게도 아직까지는 이걸 이기는 제품이 없네요.

1. 발색: 정말 초보자도 쉽게 표현할 수 있게끔 발색 강도 조절할 수 있고 색 표현 훌륭하게 됩니다.

2. 촉촉함: 끈적임이 아닌 촉촉함 대박입니다. 근데 이게 미끄덩거리는 그런게 아니에요. 딱 제가 원하는 그 입술건강에도 괜찮은 쵸크쵸크~함이에요.

3. 지속력: 지속력 좋습니다. 다만 틴트가 아니니 뭐 먹으면 지워지겠죠.

4. 발림성: 너무 좋아요. 촉촉한 립스틱이라고해서 쉽게 부서지거나 뭉개지지도 않고 스윽스윽 바르면 진짜 다른 작업 안 해도 돼요.

5. 용량: 넉넉해요. 위에 언급했듯 쉽게 뭉개지는 제형이 아니에요.

6. 스타트오버 색깔: 가을웜톤 찰떡이고, 그 톤 아니시더라도 립 베이스로 깔기 좋습니다.

힌스 립글로우는 그냥 사세요.",5
기초케어집착녀,51,"대용량이고 거품 잘 나고 순합니다.

다만, 거기서 끝입니다. 바디워시 다른거 다 빼고 주구장창 이것만 썼는데도 뭐 바디트러블에 효과를 보거나 하는건 단 하나도 없었습니다.

평소에 바디 스크러빙 도구도 이용하고 샤워 후에 미스트와 트러블용 바디로션도 바르는거 이거 사용하기 전에도 했고 사용하면서도 했어요. 근데 이걸 쓰면 ""트러블""용 바디워시라고 해놨으니 시너지 효과가 나야하잖아요?

없습니다.
사지 마세요.",5
기초케어집착녀,52,"크림 혹은 팩 브러쉬라고 되어있지만 팩 브러쉬로만 이용하시는 것을 추천드립니다.

필리밀리 라인은 엄청 잘 만들거나 아주 못 쓰거나 둘 중 하나인데 이건 잘 만들었어요.

팩 도포할 때도 그리고 세척하기도 용이하고 가격부담도 없어서 가성비 아주 좋습니다.

모델링팩이나 워시오프팩/필오프팩 자주 하시는 분들은 사세요. 워시오프팩을 피부에 도포할 때 손으로 하시는 것 보다 브러쉬 이용하시는게 좋아요.

(필오프팩은 개인적으로 제품군 자체를 좋어하지 않아서 뺐습니다.)",5
기초케어집착녀,53,"한 달이상 사용중인데 여러 피지각질 관리 케어 제품 중에서 이 제품에 손이 제일 많이 가게 돼요. 트러블 잘 나는 수부지 지복합성 피부고, 코랑 주변부만 이 제품 사용하고요, 면봉작업할 때는 거의 자극 없다시피 스치듯 가벼이 겉 부분만 훑어주는 방식으로 해요.

다만 화학성분을 이용한 연화제에 속하니 민감하신 분들은 가능하시면 테스트 해보시고 그게 아니시라면 신중하게 제품 상세내용 살펴보시고나서 구매하시는 것을 추천드립니다.",5
기초케어집착녀,54,"이거 대체할 수 있는 눈썹칼이 있긴한가요? 필리밀리 제품들은 무진장 좋거나 무진장 별로거나인데 이건 무진장 좋은 쪽에 속하죠.

이 눈썹칼 처음 구매하고부터 다른 눈썹칼 유명하다거나 수입품 들어왔다거나해도 쳐다도 안 봐요. 만든 사람 상주세요. 보너스 더 주세요.

안 써보신 분들은 사세요.",5
기초케어집착녀,55,"이게 원래 스쿠알란 수분크림으로 유명하고 그 다음에 세럼라인 나온거잖아요? 잘 맞으시는 분들께서 수분크림 생각하시며 세럼 구매하신다면 실망하실거에요.

일단 스쿠알란 함량이 아예 다르고 전성분도 다릅니다.

저에게는 아무런 효과없고 그냥 수분세럼으로도 별로라서 재구매의사 없습니다.",5
기초케어집착녀,56,"동생이 쓰는거 보고 따라산 이후로 계속 재구매하게 되는 제품입니다.

필리밀리는 제품이 나오면 엄청 좋거나 엄청 별로거나 둘 중 하나인데 이건 엄청 좋은 제품에 속해요.

비건원료이기도하고 가성비도 좋은데 쉽게 찢어지거나 막 뽑혀 나오지 않아서 사용성도 굉장히 좋아요.

이제 수건에 얼굴 못 대겠어요.

사세요.",5
기초케어집착녀,57,"처음 신상으로 나왔을 때 바로 구매했는데 만족도 좋습니다. 코스알엑스가 세럼 워낙 가성비 좋게 잘 만드는데 이것도 괜찮아요.

제형 적당히 워터리하지만 막 물처럼 흐르지는 않고요, 향 세지 않으며 다른 세럼이나 기초케어 제품들과 레이어드하기에도 좋습니다.

단, 이 세럼을 단독으로 사용하실 분들은 알부틴 성분과 자기 피부가 필요한 부분이 들어맞는지 확인하고 구매하시는 것을 추천드립니다.",5
기초케어집착녀,58,"유산균 그냥 질까지 가는 여성용 유산균 드세요. 왜 와이존에 유산균가루를 흩날립니까? 메디온 브랜드 대표 남자고, 법인명 찾아보시면 논란있는 브랜드에요. 공식홈페이지에 나온것들 보면 과학적 근거라고 제시하는건 다 그럴듯한 광고문구에 준할 뿐입니다.

이게 올바른 와이존케어라면 산부인과에서도 비슷한 제품을 판매했거나 추천을 했을거에요. 메디온 브랜드에서 혼자 이런 제품을 내놓고 다른데서는 안 내놓는데는 다 이유가 있습니다.

사지마세요.

그리고 메디온 브랜드 중에 퍼퓸미스트 리뷰도 방금 달았는데 그것도 같이 봐주시면 감사드리겠습니다.

이건 그냥 ""화.장.품.""입니다. 건강기능식품도 아니고 약도 아니에요. 두번 째 사진 첨부한거 보셔요.

여자분들 똑똑한 소비하시고 이건 사지 마세요.",5
기초케어집착녀,59,"사지 마세요.

1. 공식 홈페이지에 들어가보면 법인명과 대표명이 나와있는데 남자에요.

2. 공홈 브랜드 소개에 메디온연구소가 ""여성 고민의 원인을 과학적으로 분석하고 기술력을 바탕으로 효과적인 성분 처방을 개발하며"" 이렇게 소개되어있는데 제가 브랜드 소개에서 과학적이라고 할 수 있는 부분은 그냥 특허받은 ""락토바실러스발효용해물"" 성분이랑 6가지 식물추출물이 다에요. 참고로 식물추출물은 다른 와이존케어 제품들에도 기본적으로 많이 들어가있어요. 독보적인거 아니에요.

3. 특히나 퍼퓸미스트는 여성의 와이존에 그냥 불필요합니다. 어떤 인공적인 향이 와이존 가까이에 가는건 여성건강에 도움될 부분이 단 하나도 없습니다.

4. 실제로 산부인과에서도 여성청결제마저도 매일 쓰지 말고 3-4일에 한 번 정도 사용하는걸 권유하고 있어요. 그러니 다른 와이존케어 제품들은 그냥 존재 자체가 필요하지 않습니다. 와이존에서 냄새가 나면 병원가시면 돼요.

5. 이런거 잘못 쓰시면 오히려 병 얻습니다. 안 쓰셔도 와이존 건강하면 속옷에 코 갖다대고 킁킁 냄새맡아도 역한 냄새 안 나요.

6. 사실 브랜드 자체도 논란이 있어서 제가 싫어하는데 퍼퓸미스트라는 제품은 더 싫습니다. 이건 여성소비자들에 대한 기만이라고까지 생각이 들어요. 여러분 제가 다른 와이존케어제품 리뷰 곳곳에도 써놨는데요, 우리의 와이존은 생각보다 알.아.서. 똑똑합니다.

7. 여성건강은 3-4일에 한 번씩 여성청결제를 쓰고, 스타킹/레깅스/꽉끼는하의를 피하고, 단백질과 채소과일 등 건강한 음식을 잘 먹고, 질 좋은 수면을 취하고, 큰 스트레스를 받지 않으면 돼요.

퍼퓸미스트로 관리하시지 말고 그냥 그 시간에 더 주무세요.

8. 이 글을 보고도 혹하시나요? 그렇다면 차라리 와이존 미스트말고 바디미스트로 쓰세요.

제가 처음에 구매할 때 왜 구매했는지 생각도 안 나네요. 멍청비용이었고요, 공익목적을 위해 리뷰를 달 수 있어서 그건 좋네요.

사지마세요.",5
기초케어집착녀,60,"여러분 이건 트러블 터지기 전에 방수 및 더 악화되는걸 방지하는 목적, 즉 케어하는 개념으로 쓰셔야합니다. 이 스팟패치는 카테고리 자체가 화장품에 속하고, 일반적으로 알려져있는 스팟케어 개념으로 접근하신다면 창상피복제에 속하는, 즉, 약국에서 판매하는 스팟패치를 구매하셔야해요. 혼돈하지 마시길 바라며 코멘트 남깁니다.",5
올생올사,61,"치실이 이만한 게 없어서 계속 구매하게돼요. 욕실에도 두고, 외출용으로도 쓰니까 2개입 구성 너무 유용해요. 거기다 할인까지해줘서 가성비 최고입니다.",5
올생올사,62,"피부가 뒤집어지지않았을 때! 피부 컨디션이 좋거나 보통일때 써보는 걸 추천해드리고싶어요. 아무래도 아픈만큼 보들보들해지는거라, 자극을 최소한으로 줄이고 장벽을 무너트리지않으려만 피부 컨디션을 봐가면서 써야하니까요 뭐든지ㅎㅎ",5
올생올사,63,순하게 잡티 제거 효과를 기대하며 써보기 괜찮은 제품이고 한 번 써서는 효과를 볼 수 없고 주에 여러번 써서 몰아서 관리하는게 좋을 것같아요.,5
올생올사,37,"역시 크림스킨은 미스트펌프 줄 때 사야해요.
마침 쓰고있던 크림스킨이 똑 떨어지기 일보직전이었는데 미스트펌프 포함 구성으로 너무너무 잘 사서 잘 쓰고있어요.
가볍개 한 겹 보습을 해주는거라서 어떤 피부타입이든 상관없이 누구나 순하고 피부가 편안하게 보습해줄 수 있고, 보습을 해주니 또 피부가 편안하고 이 선순환의 반복이 됩니다. 진짜 최고!!
무겁거나 답답하지않고 뭘 발라도 당긴다할 때 가볍게 추가해주기만해도 보습이 확 채워지는 게 느껴져서 자주 쓰게 되더라구요.
저는 샤워하고 나와서 얼굴뿐만아니라 등에도 써요. 등 피부가 건조해서 간지러운데 손이 안 닿으니 제대로 스킨케어를 바를 수가 없고, 막상 손이 닿는다고해도 바디로션으로 등까지바르면 등피부가 답답해서 트러블이 생길 수 있잖아요ㅠ 안 바르자니 건조하고 바르자니 답답하거나 트러블 생기는 그 등에! 손이 닿지도않고 분사력 하나 믿고 요리조리 뿌리는데 등 전체에 촤아악 퍼지면서 당김도 순식간에 줄어들고 효과도 오래가요. 트러블 관리 및 예방에도 좋고, 가려움 진정과 보습에도 효과가 좋아요!
뚜껑 길이가 짧아졌고, 본품 통 크기는 그대로예요. 에센스 뚜껑도 달라졌어요. 하지만 저는 에센스뚜껑은 빼고 미스트펌프로 교체해서 사용하고있습니다ㅎㅎㅎ

전에 작성했던 크림스킨 리뷰에도 적었지만, 어디 갈 때 딱 하나만 챙겨야한다면 당연히 크림스킨만 챙겨갈래요. 하나로 충분합니다!
너무 잘 만들었어요!",5
올생올사,64,"거품이 잘 난다고 설명이 되어있던데 음.. 거품이 잘 나는 편은 아니예요. 제 기준 타사 제품 중 거품이 더 잘 나는 제품도 있어서요.

향은 무향같으면서도 여리한, 은근한 향이 나구요.

사용시 살짝 촉촉하면서 마무리감은 촉촉하다가 산뜻해져요.

실제 사용해보면 뭔가 모르게 가품이? 제품 제형이? 좀 뻑뻑한 느낌이 들어요. 말로 어떻게 표현하기가 어려운 뻑뻑함이 있습니다. 아쉬워요.ㅜㅜ",4
올생올사,65,"프로티원이 1+1하기도하고, 맛도 꼬***이나 잇**보다 확실히 더 맛있더라구요.
살짝의 단맛, 살짝의 짠맛이 있어 맛있구요. 밍밍하지않아서 좋았습니다. 맛있어요 정말.
1+1이라 가성비도 좋고, 맛있어서 믿고먹고있습니다.
초코맛, 녹차맛, 곡물맛, 흑임자맛 4가지 모두 다 마셔봤는데 정말 다 맛있더라구요. 그래서 이번인 흑임자맛, 곡물맛 이렇기 2가지 자 주문하긴했는데, 초코랑 녹차도 맛있었어서 조만간 초코&녹차 구성으로 1+1 또 살까 싶어요. 간단하게 마시기 너무 펀하고, 간편해요.
그리고 저는 항상 맹물 말고 오트몬드(귀리+아몬드) 기본맛으로 타서 마시는데 너무 맛있습니다. 야미!!
맹물에 타서 마셔도 맛있을 것만 같아요.",5
올생올사,65,"프로티원이 밍밍하지않고 단맛도, 짠 맛도 은근히 있으면서, 마냥 묽지않고 적당히 녹진하기도해서 마음에 쏙 듭니다. 그리고 맛있어요. 다른 단백질 쉐이크도 마셔봤지만 아직까지는 프로티원이 1등입니다.",5
올생올사,66,"""메디온이 질세정기""랑 ""바른생각 딥클린 이너워터(리뷰를 적고있는 이 제품)""랑 ""해요""라는 같은 제조사에서 만든 걸로 알고있습니다. 바른생각 제품은 2023년?2024년쯤에 올리브영에서 만나봤고 그 이전에는 메디온 제품을 썼었는데 , 메디온 지품 사용당시 사진에 첨부한 것처럼 구멍이 깨끗하게 만들어져있지않고 저렇게 뾰족한 부분이 같은 날카로운 부위가 있어서 사진을 찍고 올리브영에 리뷰도 작성했었습니다. 손으로 만져봤을 때 너무 뾰족하고 거칠어서 도저히 그냥은 몸에 사용할ㅊ수 없겠더라구요. 그냥 쓰면 질 벽에 상처가 나서 진물이 난다거나 감염에 취약한 상태가 될테니, 혹 떼려다 오히려 혹 붙이는 불상사가 생길 수 있잖아요. 그래서 사용시 조심하시라구요.
이번에는 바른생각 제품이 이렇게 구멍 안에 뾰족한게 바깥까지 솟아나있어서 손으로 만져봤더니 역시나 마감이 거칠어서 바른생각 제품이 떠오르더라구요.
사용 시 손을 깨끗이 씻고 모든 구멍을 만져보거나, 정말 너무 번거롭다하시면 이렇기 뾰족한 부위는 없는지 있으면 먼져보고 안으로 살살 밀어넣거나, 위생적이되 날카롭지않게 손질 후 사용하시길바랄게요.
항상 모든 제품이 이렇지는않고 종종 이런일이 생기는디, 뾰족한 부위가 있는 제품은 단 한 번만 잘 못 사용해도 그로 인한 고통이 생길지 어떤 안 좋은 상황이 생겨서 컨디션에 영향을 줄 지 모르니 꼭 민감하고 섬세하게 살펴보시고 사용하시길 바랍니다. 우린 모두 소중하니까요.",4
올생올사,67,"전에 가격 오르기전에는 가성비 갑이었는데ㅠㅠ 이제 가격이 올라서 가격 경쟁률이 떨어지니 매력이 떨어지네요 ㅠ 그래도 촉촉하고 거품 잘 나니까 탑리뷰어 할인쿠폰 쓸 때 끼워서 사봤어요.
몇 통을 사서 썼는지 기억 안 날만큼 많이 사서 썼는데, 가격이 오른게 아무래도 소비자입장에서는 아쉽네요.
물가가 오르니 가격을 안 올릴수는 없었겠지만요.",5
올생올사,68,"7월에 올영픽에 선정돼서 1+1이벤트를 열어주셨더라구요. 항상 사던 제품이고 평소에도 사던 제품인데 1+1은 작년3월 이후로 처음인 것 같아 냉큼 샀어요. 여러분 인클리어는 1+1하면 무조건 사세요!
왜냐미연~ 일년에 한 번정도 1+1이벤트하거든요ㅠ

우리 꼭 1+1할 때 사기로 약속하기로해요🤙
우리 지갑은 소중하니까. 움움~~

그래가주구~ 이거 쓰면 어떻게 좋냐미연~
월경 끝나갈 때 써주면 분비물이랑 같이 서서히 몸 밖으로 배출되구요. 컨디션 난조로 분비물 늘 때 있죠? 그럴때에도 써줘도 괜찮아요.
한 번 써보세요! 괜히 의료기기아닌 제품 쓰지마시고 의료기기적힌 제품으로 사시구요!
제가ㅠㅗ 의료기기아닌 제품도 사서 썼다다 화끈화끈 따가워서 깜짝 놀랬답니다. 거기가 따끔따끔하고 화끈화끈하면 얼마나 빡치고 열받게요,,^^ 저도 알고싶지않았어요 진짜루. 바로 쳐박아놨지뭐예요.

인클리너는 아~무 느낌 안 나고, 아~무 향도 안 나고, 순하고 안전해요. 의료기기니까!ㅎㅎㅎ
렛츠인클리어는 양이 좀 더 많고 개수가 적게 들었고, 이 그냥 인클리어는 그보다는 적지만 충분히 분비물 제거효과를 보실 수 있으니 일반 인클리어 이거이거! 이걸로 추천합니다요. 제가 뭐라구했죠?(너 뭐 돼?)
우리 지갑은 소중하다~ 움움~~

제 리뷰가 도움이 되셨다면 리뷰 추천을 꾹 눌러주세요. 감사합니다😊",5
올생올사,69,"2스텝 제품이고, 이 제품 좀 자극이 있는 것 같아요.
작은 맘 먹고 구입했는데 저는 조금 따끔따끔하게 느껴졌어요.",5
올생올사,70,50써보고 어느정도 따끔함인지 알게되서 자신감이 붙어서 100도 도전해보려고 샀어요ㅋㅋㅋ 50이랑 비슷비슷한 것 같아요.,5
올생올사,71,제가 좋아하는 더마비 바디로션인데 신이어마켙 콜라보라니 안 살 수가 없었어요. 진짜진짜 행복해요. 세상에서 가장 따뜻한 바디로션입니다.,5
올생올사,72,물없이 쓸 수 있어서 계량 알못인 저도 편하게 쓸 수 있어요. 사용 후 수분감이 어마어마헤쟈서 다음날까지도 피부가 촉촉해요.,5
올생올사,73,아세톤프리리무버를 찾다가 올리브영에 팔길래 사봤어요.아세톤 없는게 땡기더라구여. 아무래도 아세톤은 냄새가 역하니까 ㅠ,5
올생올사,74,눈 침침한 사람은 잘 보이지도않게ㅠ 바탕색이랑 흰글자랑 그렇게 데비도가 높지않게 적어놔서 대비도 좀 올려주면 좋겠어요. 유통기한도 좀 더 잘보이게 되어있으면 좋겠어요. 근데 이거 좋은거 저만 몰랐나요. 다들 많이 구입하셔서 리뷰가 엄청 쌓였더라구요.,5
올생올사,75,"메디힐에서 나온 신제품이라서 기대가 아주 컸습니다. 촉촉하고 보습감도 살짝 느껴지고, 순한게 느껴져요. 엄청 촉해서 사용 후 다음날까지 촉촉한게 느껴집니다.",5
올생올사,76,"저는 한반만 써봐서 솔직히 체감은 잘 안되지만, 아무래도 기분이ㅋㅋㅋ 리프팅 될것만 같구 어려지고싶구,, 어려지는건 안되니까 어려보이고싶어서요ㅋㅋㅋ 피부야 탱탱해져라",5
올생올사,77,"메디힐에서 나온 신제품이라서 기대가 아주 컸습니다. 촉촉하고 보습감도 살짝 느껴지고, 순한게 느껴져요. 사용 후 다음날까지 컨디션이 좋아집니다.",5
올생올사,78,말랑하고 쫀득해서 좋아요. 쿠션 퍼프 빨아서 쓰기 번거거롭기도하고 위생적으로 관리하기 어려운데 어느정도 사용 후 새 제품으로 교체할 때 딱이예요.,5
뷰티플데이,79,"한달사용 리뷰 들어갈께요~~
올리브영에서 달콤한 간식거리를 찾다가 롯데 아몬드 초코볼을 구입했어요 롯데 아몬드 초코볼은 초콜릿 가공품으로 내용량은 46g입니다 그리고 아몬드 25%와 코코아 매스 10%를 함유하고 있고 더블 초코라고하네요
초콜릿 가운데 아몬드가 들어있고 초콜릿으로 코팅 되어 있어요. 유통기한도 넉넉하고 정말 아이들 간식거리로 너무 맛있어요. 개봉을하면 플라스틱 용기로 이중 포장되어 있고 크기는 엄지 손톱보다 조금 더 큰것같아요. 그리고 패키지 가 고급져 보여요. 포장안에 12개 아몬드 초코볼이 들어있고 TV 보면서 하나하나씩 먹다보면 금새 다 먹는것 같아요. 초콜릿은 아주아주 부드럽고 단 느낌보다는 약간의 다크 초콜렛 느낌인것 같고, 아몬드가 꽤 큰 것이 들어 있어서 개인적으로 정말 좋아합니다. 저는 커피와 자주 먹고 있어요. 롯데 아몬드 초코볼 너무 맛있어요
도움이 되셨다면 버튼 한번 꾸욱 부탁드리겠습니다!🙇🏻‍♀️💗",5
뷰티플데이,80,"5:48
100
한달사용 리뷰 들어갈께요~~
젤네일을 너무해서 손톱이 상하니까 정말 기분이 안좋았어요. 그래서 오랜만에 올리브영에서 폴리쉬네일을 구매했습니다. 바로 웨이크 메이크 네일건 글리터 48번 드리미 모먼트랍니다 이 웨이크메이크 드리미 모먼트는 지속력도 뛰어나고 가성비가 아주 좋았어요. 정말 잘 발리고 잘 말라서 사용하기가 아주 좋았어요. 48번 드리미 모먼트는 빛에따라 여러 빛깔이 나는것 같아 다양한 느낌이들어서 너무 좋았어요. 색감 자체도 아름답고 48번 드리미 모먼트를 발랐을때 다른 제품보다 연하게 발라도 정말 예쁘고 빨리 마르는것 같아 좋았답니다 보라색이 아주 영롱하고 펄도 굉장히 세련되어 어떤 계 절에도 어울리는 색감인것 같아요. 저는 개인적으로 1콧 바르고 손 톱부분만 좀더 채워주는 느낌으로 윗쪽만 2콧 발랐더니 훨씬 세련 되고 예쁜것 같았어요. 그리고 제품 자체 브러쉬가 크지않아 바르기 좋고 결이 안남아서 아주 좋았답니다",5
뷰티플데이,81,"한달사용 리뷰들어갈께요~~
우리딸은 너무 지성두피라 샴푸후 몇시간만 지나도 금새 머리가 떡지는 상태라 항상 드라이샴푸를 사용해요 그리고 우리딸이 가장 좋아했던점은 휴대하기편리하고 컴팩트한 사이즈라고 했어요 이번에 올리브영에서 우리 딸을위해 로즈마리 드라이샴푸 파우더를 구입했 어요. 두피에 유분과 불쾌한 냄새를 케어해주는 제품으로 벨벳 텍스 처의 미세 파우더가 두피와 모발의 과도한 유분을 잡아주어 뽀송하 고 볼륨있는 헤어스타일을 유지 해줍니다 사용하고나면 정말 방금 감은듯 산뜻하게 두피 유분과 뿌리에 볼륨을 케어 해 줍니다. 머리 감지않은날에도 우리딸이 원하는 볼륨 있는 스타일링을 해주어서 너무 좋아해요. 그리고 언제 어디서도 쓸수있게 가방에 쏙 들어가는 사이즈라 너무 좋다고 합니다. 강력 유분 흡착 파우더로 아주 미서 한 파우더가 뭉침 없이 헤어를 뽀송뽀송하게 유분을 컨트롤해주고 상쾌하고 활력있는 로즈마리향으로 정수리 냄새를 케어해주고 산뜻 한 두피 컨디션으로 케어하여 정수리 볼륨을 개선시켜 줍니다. 로즈 마리 추출물, 로즈마리오일, 비오틴, 판테놀, 아르간오일로 두피에 영양을 케어해주고 편백잎 추출물, 4-터피네올로 두피냄새를 케어 해줍니다. 퍼프 일체형용기로 간편하게 톡톡 두드리면서 사용하고 퍼프 부분을 누르면 파우더가 나오도록 설계된 용기로 사용하지않 을땐 가루날림이없어 휴대가 용이하고 사용시 적당량만 도출 되어 양 조절 필요없이 편리하게 사용할수있는 제품입니다 여러분에게 아로마티카 로즈마리 드라이 샴푸 파우더를 적극 추천합니다
도움이 되셨다면 버튼 한번 꾸욱 부탁드리겠습니다!🙇🏻‍♀️💗",5
뷰티플데이,82,"5:38
한달사용 리뷰 들어갈께요~~
탱글티저 스칼프 마사지 브러쉬는 국제 모발학회 인정상품이며 샴푸할때 깨끗하게 두피를 클렌징해주며 일상생활에서 두피마사지 브러쉬로도 사용할수있는 제품입니다.
저는 개인적으로 보라색을 좋아해서 보라색으로 올리브영에서 구입을 했고 제품자체가 한손에 컴팩트하게 들어오는 사이즈라 휴대하기도 좋고 편리하게 사용하고 있습니다.
스칼프 마사지 브러쉬는 듀얼티스 테크놀로지로 얇은 긴모는 유연하고 긴 브러쉬 모가 묵은 각질과 헤어제품의 잔여물 제거를 돕는제품이랍니다.
그리고 모발 사이사이 기분좋은 두피 자극 마사지를 해주는것 같아 너무 좋았어요
두껍고 짧은모는 두피 지압점을 지긋이 눌러 탈모와 스트레스 완화를 돕는 시원한 두피 자극 마사지를해주는 제품입니다.
손가락을 넣으면 안정감있게 착용이 가능한 인체공학적이고 스마트한 디자인인 스마트윙 디자인으로 스칼프 마사지 브러쉬는 세손가락을 이용해 끼워서 사용하시면 아주 간편하게 사용하실수 있습니다. 스칼프 마사지 브러쉬는 깨끗하고 개운한 두피 클렌징과 탈모 고민이 많으신분 그리고 두피 마사지 가 필요하신 분들에게 적극 추천 드리고 싶습니다.",5
뷰티플데이,37,"한달사용 리뷰 들어갈께요~~
라네즈크림스킨 케이스병이 너무 세련된것 같아요 안에 있는 내용 물도 너무좋죠 왜 국민스킨이라 불리는지 사용하고나면 알수있는것 같아요
정말 맑은 스킨에 수분크림을 섞어놓은듯한 우유같은 스킨 인것 같아요
미세먼지와 코로나로 마스크를 장시간 사용하면 피부가 건조해지고 많은 수분감과 탄력감이 떨어져 속상했어요우유빛을 띄는 라네즈 크림스킨은 수분크림 한통을 토너에 다 넣은것 같아요 라네즈 수분듬뿍 크림스킨은 피부에 잘 스며들고 장시간동안 촉촉한 수분감을 유지시켜주는것 같아요
그리고 수분감을 정말 많이주는 토너인것 같아요
어느계절이나 어떤피부타입에도 상관없이 적합할것 같아요 저는 미스트대신에 피부가 건조해질때 미스트병 용기에 담 아서 수시로 얼굴에 분사해요
그럴때마다 건조해졌던 제피부가 금새 탄력있어지는것 같아요 국민스킨 라네즈크림스킨 적극 추천합니다
도움이 되셨다면 버튼 한번 꾸욱 부탁드리겠습니다!🙇🏻‍♀️💗",5
뷰티플데이,37,"한달사용 리뷰 들어갈께요~~
라네즈크림스킨 케이스병이 너무 세련된것 같아요 안에 있는 내용 물도 너무좋죠 왜 국민스킨이라 불리는지 사용하고나면 알수있는것 같아요
정말 맑은 스킨에 수분크림을 섞어놓은듯한 우유같은 스킨 인것 같아요
미세먼지와 코로나로 마스크를 장시간 사용하면 피부가 건조해지고 많은 수분감과 탄력감이 떨어져 속상했어요우유빛을 띄는 라네즈 크림스킨은 수분크림 한통을 토너에 다 넣은것 같아요 라네즈 수분듬뿍 크림스킨은 피부에 잘 스며들고 장시간동안 촉촉한 수분감을 유지시켜주는것 같아요
그리고 수분감을 정말 많이주는 토너인것 같아요
어느계절이나 어떤피부타입에도 상관없이 적합할것 같아요 저는 미스트대신에 피부가 건조해질때 미스트병 용기에 담 아서 수시로 얼굴에 분사해요
그럴때마다 건조해졌던 제피부가 금새 탄력있어지는것 같아요 국민스킨 라네즈크림스킨 적극 추천합니다
도움이 되셨다면 버튼 한번 꾸욱 부탁드리겠습니다!🙇🏻‍♀️💗",5
뷰티플데이,83,"한달사용리뷰 들어갈께요~~
위생적으로 포장된 통에 집게가 하나 들어있는 리얼 베리어 익스트 림 판테놀 토너 패드는 피부 자극 테스트를 완료한 제품으로 100% 순면 원단으로 되어있고 민감성 피부에도 사용 적합한 테스트를거친 제품이랍니다.
패드 한장으로도 묵은 각질을 정돈 시켜주며 피 부 장벽 케어에 많은 도움을 주는 제품입니다.
피부의 묵은 각질을 순하게 정돈 시켜주며 피부결을 개선하여 스킨케어 부스팅을 도와주며 즉각적인 각질과 피부결 개선의 효과를주는 정말 착한 제품인 것 같아요.
그리고 100% 순면 원단으로 자극이 전혀없고 누구나 안심하고 사용할수 있어요
또한 용기입구에 내장된 집게로 손쉽고 위생적으로 패드를 사용할 수 있어 더욱 좋아요.
독자 개발 트리플 세라마이드를 함유하여 물리적 자극으로 약해진 피부 장벽을 개선 시켜 촉촉함을 유지시켜주는 제품입니다.
수분 보유력을 향상 시켜 주는 판테놀, 엑토인 성분이 건조한 피부에 겉과속을 즉각적으로 개 선시켜주어 피부 겉 보습과 속 보습 충전에 더할나위없이 좋은 제품 이랍니다.
저는 리얼 베리어 익스트림 판테놀 토너패드로 피부 안쪽에서 바깥쪽으로 부드럽게 닦아낸 후에 스킨케어를 시작 한답니다. 또한 볼이나 코 주변 등에 각질이 일어나있을때 그리고 보습이 필요한 부분에 5분동안 패드를 부착해 보습팩으로 사용하고 있어요 여러분에게 가성비 좋은 보습팩으로 적극 추천 드립니다. 도움이 되셨다면 버튼 한번 꾸욱~~부탁드리겠습니다🙇🏻‍♀️💗",5
뷰티플데이,83,"한달사용리뷰 들어갈께요~~
위생적으로 포장된 통에 집게가 하나 들어있는 리얼 베리어 익스트 림 판테놀 토너 패드는 피부 자극 테스트를 완료한 제품으로 100% 순면 원단으로 되어있고 민감성 피부에도 사용 적합한 테스트를거친 제품이랍니다.
패드 한장으로도 묵은 각질을 정돈 시켜주며 피 부 장벽 케어에 많은 도움을 주는 제품입니다.
피부의 묵은 각질을 순하게 정돈 시켜주며 피부결을 개선하여 스킨케어 부스팅을 도와주며 즉각적인 각질과 피부결 개선의 효과를주는 정말 착한 제품인 것 같아요.
그리고 100% 순면 원단으로 자극이 전혀없고 누구나 안심하고 사용할수 있어요
또한 용기입구에 내장된 집게로 손쉽고 위생적으로 패드를 사용할 수 있어 더욱 좋아요.
독자 개발 트리플 세라마이드를 함유하여 물리적 자극으로 약해진 피부 장벽을 개선 시켜 촉촉함을 유지시켜주는 제품입니다.
수분 보유력을 향상 시켜 주는 판테놀, 엑토인 성분이 건조한 피부에 겉과속을 즉각적으로 개 선시켜주어 피부 겉 보습과 속 보습 충전에 더할나위없이 좋은 제품 이랍니다.
저는 리얼 베리어 익스트림 판테놀 토너패드로 피부 안쪽에서 바깥쪽으로 부드럽게 닦아낸 후에 스킨케어를 시작 한답니다. 또한 볼이나 코 주변 등에 각질이 일어나있을때 그리고 보습이 필요한 부분에 5분동안 패드를 부착해 보습팩으로 사용하고 있어요 여러분에게 가성비 좋은 보습팩으로 적극 추천 드립니다. 도움이 되셨다면 버튼 한번 꾸욱~~부탁드리겠습니다🙇🏻‍♀️💗",5
뷰티플데이,84,"한달사용 리뷰 들어갑니다~~
🤎🍂일단 가을 웜톤, 가을뮤트톤이 사랑할수밖에없는 너무 예쁜 누드베이지에 컬러라서 블러셔외에도 눈밑 애교살에 저는 사용하고 있는 제품입니다.
👉🏻색감이 은은하고 발색력도 좋은편이라 예쁘게 피부에 올라가서 너무 만족하고 사용하고 있어요. 흰끼가 많이 없어서 답답해보이지 않고 피부톤과 비슷한 색감이라 블러셔를 처음 사용해보시는분들이나 쨍한 블러셔 좋아하시지않으면 이 컬러가 너무 사용하기 좋을것 같아요. 양조절 실패해도 걱정없이 예쁘게 자연스럽게 마치 음영주듯 올라가서 너무 좋아요.
👉🏻사용해보니까 가루날림도 적고 지속력도 꽤 좋아서 잘사용하고 있는 정말 가성템입니다. 브러쉬를 사용해서 치크에 올리는게 가장 예쁘게 발색되면서 표현되고 코끝, 턱끝 그리고 이마에도 조금 사용하면 음영효과도 예쁘게 줄수 있는것 같아요.
☝🏻😚피치/ 핑크의 화사하고 귀여운 블러셔 외에 뮤트톤의 채도빠진 예쁜 베이지 컬러의 블러셔 찾고 계신다면 “도토리좋아해” 추천해요! 😉

저의 리뷰가 도움이 되었다면 아래 버튼 꾸욱👇🏻한번 부탁드릴께요🙇🏻‍♀️",5
뷰티플데이,85,"한달사용 리뷰 들어살께요~~
이번 여름 강렬한 햇빛과 더운 날씨때문에 두피에 많은 유분이 올라와 두피와 정수리 냄새때문에 신경이 많이쓰였어요. 그래서 헤어식초가 도움이 된다고해서 올리브영에서 이브로쉐 라즈베리 샤인 헤어식초를 구입하게 되었어요.~~ 이브로쉐 헤어 식초는 두피와 정수리냄새 케어에 효과가 아주 뛰어나고 정수리 냄새를 덜나게 해주는데 분명한 도움을 주는것 같습니다 그리고 사용하면 사용할수록 머릿결이 부드러워지는것 같아 만족감은 두배였어요.
두피에 바르고 문지른후 물로 씻어내는 이브로쉐 라즈베리 샤인 헤어식초 를 저는 거품용기를 사서 덜어서 사용하고 있어요. 정말 두피와 정 수리 냄새로 고민중이신 분들께 적극 추천 드리고 싶어요.
이제품은 자연 유래성분으로 만들어진 제품이며 라즈베리 향으로 사용후에도 기분 좋은 향이 지속되어서 기분이 상쾌해집니다. 그리고 또한 두피건강에 도움도주고 머리숱도 풍성하게 보이도록 만들어주는 제품인것 같습니다.
해양성분과 식물성 성분이 조화를 이루어 모발 깊숙이 영양을 공급하는 효과를주며 머리카락에 윤기를 내주는것 같아요. 여러분에게 적극 추천 드리고 싶습니다.
도움이 되셨다면 버튼 한번 꾸욱 부탁드리겠습니다!",5
뷰티플데이,86,"이번 여름 강렬한 햇빛과 더운 날씨때문에 두피에 많은 유분이 올라 와 두피와 정수리 냄새때문에 신경이 많이쓰였어요. 그래서 헤어식초가 도움이 된다고해서 올리브영에서 이브로쉐 라즈베리 샤인 헤어식초를 구입하게 되었어요.~~ 이브로쉐 헤어 식초는 두피와 정수 리냄새 케어에 효과가 아주 뛰어나고 정수리 냄새를 덜나게 해주는데 분명한 도움을 주는것 같습니다 그리고 사용하면 사용할수록 머릿결이 부드러워지는것 같아 만족감은 두배였어요.
두피에 바르고 문지른후 물로 씻어내는 이브로쉐 라즈베리 샤인 헤어식초를 저는 거품용기를 사서 덜어서 사용하고 있어요. 정말 두피와 정 수리 냄새로 고민중이신 분들께 적극 추천 드리고 싶어요.
이 제품은 자연 유래성분으로 만들어진 제품이며 라즈베리 향으로 사용후에도 기분 좋은 향이 지속되어서 기분이 상쾌해집니다. 그리고 두피건강에 도움도주고 머리숱도 풍성하게 보이도록 만들어주는 제품인것 같습니다.
해양성분과 식물성 성분이 조화를이루어 모발 깊숙이 영양을 공급하는 효과를 주며 머리카락에 윤기를 내주는것 같아요. 여러분에게 적극 추천 드리고 싶어요
도움이 되셨다면 버튼 한번 꾸욱 부탁드리겠습니다!🙇🏻‍♀️💗",5
뷰티플데이,87,"닥터 자르트 프리쥬비네이션 퍼밍 바쿠치올 크림을 올리브영 체험단을 통해서 받게되어 너무 기뻤습니다 👏🏻👏🏻
요새 환절기라 피부에 보습이 아주 시급한때라 정말 제 피부타입에 맞는 크림이 필요했습니다
닥터 자르트 퍼밍 바쿠치올 크림은 일곱가지 에이징 시그널을 한번에 케어할수있는 아주 가성비 좋고 보습과 주름에 좋은 크림입니다.
만일 아침에 일어나서 베개자국이 오래 간다든지 사진을 찍었을때 얼굴이 넓거나 커진것 같은 느낌이 있다든지 최근 피부표면이 얼룩덜룩해졌던지 또한 피부가 칙칙하고 건조해졌던지 아니면 눈가 표정의 주름이 이전보다 신경 쓰이면 이 닥터자르트 크림을 선택하면 좋을것 같아요.👌🏻👌🏻
정말 요새 환절기라 탄력을잃고 약간 칙칙해진 피부였던것 같은데 닥터 자르트 크림을 바르고서는 제 민감한 피부에도 탄력과 광택을주며 주름개선에도 도움을 받는것같고 또한 아침마다 일어났을때 탄력있는피부로 태어난것 같아 너무 좋았어요. 그리고 바우쿠치올 크림은 레티놀대신 식물성 저자극 원료인 바쿠치올이 함유되어있어서 예민한 피부도 걱정 없이 데일리 사용가능하며 피부 퍼밍효과에 압도적인 도움을 주는 것 같아요. 또한 콜라겐 펩타이드 성분이 무너진 피부 장벽을 잡아 피부탄력 효과를 부스팅하는데 도움을 줍니다.
바쿠치올과 콜라겐 펩타이드 성분이 결합되어 늘어지고 칙칙 해진 피부를 탄탄하고 어려보이는 건강한 피부로 가꾸어 준답니다
정말 여러분도 사용하고나시면 분명히 피부 탄력개선과 주름 개선 피부결개선 피부보습의 많은 도움을 받으실수 있다고 확신합니다.
텍스처는 굉장히 매끄러운 발림성이있어서 좋고 충분한 보습이 더해져있어 탄력시너지 효과를 높여주며 낮에는 에브리 데이 선크림과 함께 바르면 더욱 완벽한 에이징 케어를 느낄 수 있어요. 여러분에게 적극 추천 드립니다.
이 리뷰가 마음에 드셨으면 좋아요 한번 부탁드립니다.🙇🏻‍♀️💗",5
뷰티플데이,54,"한달사용 리뷰 들어갈께요~~
메이크업할때 필수품인 필리밀리 슬림헤드 눈썹칼은 눈썹 앞머리 정리하기에 아주 좋은 제품이랍니다. 두개가 한쌍인 슬림헤드 눈썹칼은 칼날이 아주 예리하며 얇은헤드가 너무 맘에 들었어요. 그리고 눈썹정리 할때마다 느끼지만 칼이 아주 잘 들고 힘을 약하게주어도 아주 깨끗하게 눈썹이 밀리면서 잘 정리가 되는것같아요. 내구성도 좋고 사용하기도 편리한 필리밀리 슬림헤드 눈썹칼은 깔끔하고 예쁜 눈썹을위한 필수 아이템인것 같아요. 또한 가성비도 좋고 예쁜 눈썹을 위해서 사용할때마다 섬세하게 정리시켜 주는것 같아 더욱 마음에 들었어요. 눈썹정리에 꼭 필요한 눈썹칼을 이것저것 사용해 보았지만 필리밀리 슬림헤드 눈썹칼만큼 세심하게 눈썹정리를 잘해주는 제품은 없었던것같아요. 저는 올리브영에서 세일 할때 많이 쟁겨두는 편이랍니다. 그리고 사용할때 손잡이가 길기때 문에 잡은부분의 미끄러짐 걱정이 없는것 같아 너무 좋았어요. 여러 분에게적극 추천 드립니다
도움이 되셨다면 버튼 한번 꾸욱 부탁드 리겠습니다🙇🏻‍♀️💗",5
뷰티플데이,88,"한달사용 리뷰 들어갈께요~~
내추럴하면서도 현대적이며 세련된감각의 결정체 존 바바토스 아티산 오드뚜왈렛 포맨은 시트러스를 테마로한 감귤류와 허브톤의 조화로 공기중에퍼지는 시트러스의 상큼함과 프레시함에 우디의 따스함이 잘 짜여져 젊음과깨끗함을 전달해 주는 제품입니다
남동생이 생일이라 선물해주었더니 너무 좋아했어요 심플하면서도 정교한 장인의손길 그리고 캐주얼하면서도 우아하고 여유가있는 디자인이 눈길을끄는 매력적인제품이며 EDT 지속시간은 3~4시간 정 도인것 같습니다. 저는 개인적으로 캬라멜 색상의 등나무로 촘촘하 게 엮여져있는 커버가 보틀을 감싸고 있는 빈티지하면서도 독특한 디자인이 너무 세련되게 느껴집니다. 그리고 빈티지한 느낌의 클래식한 뚜껑도 분위기 있어보여 너무 좋습니다. 분사력도 좋고 레몬과 오렌지 사이의 상큼한 향이 느껴지며 독특한 허브향으로 많은 힐링을 주는 제품입니다. 적극적으로 추천 드립니다.
도움이 되셨다 면 버튼 한번 꾸욱 부탁드리겠습니다!🙇🏻‍♀️💗",5
뷰티플데이,89,"한달사용 리뷰 들어갈께요~~
더마비 바다로션은 자극이없고 아주 순한 제품이며 피부에 금새 스며들어 아주 만족하게 사용하고 있고 피부타입이 다른 우리가족 모두 잘 사용하고있어요
다양한 피부타입인 우리가족은 제품을 공유할때 엄청 힘들어요 하지만 더마비 바디로션운 다양한 피부타입을 신중히 고려해서 만든 제품이라 우리가족 모두의 피부를 부드럽고 촉촉하고 수분감있게 가꿔주는 제품입니다 더마비 바디로션의 성분을 보면 감나무잎 추출물속 카테킨성분 그리고 산뜻한 허브와 페퍼민트향이 조화롭게 어우러져있고 파라벤, 페녹시에탄올, 미네랄오일, 색소, 트리에탈올아민등 피부에 부담이될수있는 성분을 배재하고 저자극, 무첨가 처방으로 어린아이부터 어른까지 안심하고 사용할수 있는 온가족 바디로션 제품이랍니다."" 용량도 많고 어떤 피부타입에도 적합한 더마비 프레쉬 모이스처 바디로션은 끈적임도없고 산뜻하고 보습력도 뛰어나요 특히 피부에 장시간 수분을 공급해주고 빠르게 흡수되어 산뜻한 피부를 가꾸어주는 제품이며 특히 여름에 바르면 좋을것 같아요
모든 연령층과 모든피부에 보습력과 수분감을 선사해주는 더마비 프레쉬 모이스쳐 바디로션을 여러분에게 적극 추천드릴께요
리뷰가 도움이 되셨다면, 도움이돼요 버튼 한번 꾹 부탁드리겠습니다🙇🏻‍♀️💗",5
뷰티플데이,90,"한달사용 리뷰 들어갈께요~~
백탁없고 촉촉한 썬크림인 *닥터지 썬크림*을 처음 사용해보고 너 무좋았답니다 정말 놀랍게도 백탁없이 수분크림을 바르는듯한 텍스쳐고 어떠한 피부타입에도 다 사용하기 좋은 묽은 크림타입의 썬크림 제품입니다 3워터베이스에 병풍베이스 시카성분과 진정케어에 좋은 다섯가지 케어성분 병풀잎, 병풀뿌리, 병풀잎줄기, 시카효모 그리고 시카복숭아꽃까지 피부타입이 민감하신분들도 만족하게 사용하실 썬크림입니다
저는 민감한 피부에 건성피부라서 좀 까다롭게 썬크림을 찾아보는데 이제품은 사용해보니까 눈시림이 없어서 너무 좋았어요
그리고 촉촉하게 마무리되는데 끈쩍임이없어서 덥고 습한날에도 바르고 나갈수 있는제품이라 너무 좋았어요
목주위에 백탁있는 선크림을 바르면 옷에 묻어나는데, 이제품은 그런 걱정이없어서 너무 좋았고 저는 팔에도 발라줍니다 무엇보다도 가성비가 좋아 여유롭게 바르고 있어요
혹시 리뷰가 도움이 되셨다면, 도움이돼요 버튼 한번 꾹 부탁 드리겠습니다🙇🏻‍♀️💗",5
뷰티플데이,57,"칙칙한 피부가 신경쓰이시는 분들 봐주세요!👉🏻💓
🤔나이가 들어가면서 가장 신경이 쓰이게 되는건 아무래도 얼굴 안색인것 같아요. 하얀 피부가 아니라 환한 광이✨ 느껴지는 피부가 생기도 있어보이고 피부도 좋아보여서 항상 그부분을 생각하며 저만의 스킨케어루틴을 만들게 되는것 같아요.
☝🏻일단 이번에 겨울이 되기전에 꼭 스킨케어 루틴에 추가하고 싶었던 성분이 나이아시나마이드 성분이였어요. 하지만 제 예민하고 건성인 피부에 맞는 제품을 찾는게 쉽지는 않더라고요. 성분이 너무 강하면 심하게 건조함과 오히려 피부가 더 안좋아져서 적당한 함량과 아무래도 예민한 피부에 진정효과와 건조함을 같이 잡아주는 제품을 찾고 있었는데요. 드디어 찾았습니다!🥹🧡
☝🏻코스알엑스의 알파알부틴 디스컬러레이션 세럼은 트러블 흔적 고민을 위한 6가지 핵심성분 알파 알부틴, 나이아시나마이드, 아세틸 글루코사민, 트라넥사믹 애씨드, 패룰릭 애씨드 그리고 글루타티온이 피부트러블로 인한 색소침착되는 부분을 핵심공략해서 미백에 도움을 주는 세럼이라고 하네요. 그런데 이런 고함량 트러블 색소침착 집중케어 성분이 예민한피부에 무리 되는걸 방지할수 있게 진정성분 5가지까지 (히알루론산, 판케놀, 토코페롤, 알리토인, 마데카소사이드) 같이 포함되어서 저같이 예민 건조 피부에 너무나 안정감을 주더라고요.
☝🏻🧡저의 팁은 항상 손목에 테스트를 꼭 해보고시고 얼굴에 사용하는것을 권장하고요. 저는 처음에 3일동안은 혹시나 고함량성분으로 피부가 예민해질수도 있을까봐 코스알엑스의 스네일 뮤신 에센스를 두펌프 추가해서 얼굴에 도포해주고 아침에는 반드시 수분크림과 썬크림으로 마무리해줬고 밤에는 다른 레티놀 성분과도 사용해봐서 피부 상태를 지켜보았는데 아무런 문제 없이 정말 가벼우면서도 촉촉한 느낌으로 만족하면서 사용했습니다.
👉🏻지금은 토너 다음으로 바로 세럼을 찹찹 발라주고 있어요. 굉장히 묽은 제형의 세럼이고 베이지색감의 촉촉하게 느껴지는 세럼입니다. 일주일 사용해보니까 피부 표면에 오돌토돌한 부분들이 진정된것을 볼수 있었어요. 전체적으로 수분감이 들면서도 끈쩍이지 않은 세럼이라서 사용이 편했어요. 환해지는 느낌도 들었는데 그건 좀더 꾸준히 사용해주고 확인이 가능할것 같아요!

💓😚피부트러블 자국이나 색소침착이 고민이신 분들중에 저처럼 초초초 예민하고 건조한 타입의 피부타입 이신분들 꼭 한번 사용해보세요. 이번에 나이아시나마이드 성분이 있고 그외에 좋은 성분의 세럼을 발견해서 이번 가을 겨울에 피부 예쁘게 가꿀 예정입니다. 정말 추천드려요!😉",5
뷰티플데이,91,"이미 너무나도 유명한 애교살 잇템!
아이돌분들의 예쁜 아이 메이크업에서 절대적인 제품이죠~ 반짝임과 사랑스러워보이는 애교살을 극대화 시켜주는 제품으로 통통한 펜슬 타입이고 펜슬샤 프너를 사용해서 계속 써야하는 제품입니다.
∞ 저는 이번에 듀버이지 제품을 사용해봤고 사용해보니까 발색력이 좋고 생각보다 지속력도 있더라고요! 4시간 정도는 지속력이 유지되는것 같았습니다.
색감은 밝은 샴페인색감에 약간 흰톤의 베이스컬러여서 쿨 톤분분들에게 더예쁘게 발색이 될것 같습니다. 웜톤분들도 사용할 수 있는데 제생각에 전체 밑에 발라주는것 보다 포인트로 눈앞쪽 부분과 애교살 가운데 부분에 그려주면 예쁘게 표현이 되는것 같아요.
발림성도 쓱쓱 잘발려서 부드럽게 눈밑에도 부담없이 사용할수 있어서 좋은 것같아요. 오히려 두께감도 있게 그려져서 도톰한 애교살 연출도 쉬워요!
저는 하이라이터로 써도 예쁜것 같아서 소량을 코끝과 콧등에 살짝 발라준다음 손으로 가볍게 두드려주면 예쁜 하이라이터로도 사용이 가능하답니다!
다른색상도 구매할것같아요! 예쁜 애교살 하이라이터 필요한분들 꼭 한번 사용해보세요!
도움이 되셨다면 아래 버튼 한번 꾸욱 눌러주시면 너무 감사하겠습니다🙇🏻‍♀️💗",5
뷰티플데이,92,"한달사용 리뷰 들어갑니다
손에 묻어 나지 않는 깔끔함 그리고 염색 탈색후 예쁜 컬러를 유지 하고 집중 단백질 케어로 손상된 머리를 개선 시켜주며 퍼플 플로랄 머스크의 매일 스며드는 향긋함과 인체 피부 일차 자극 시험에서 0.000 저자극성 제품인 헤어 플러스 컬러 본드 보색 샴푸는 염색 후 제 머릿결을 아름답게 유지 시켜 주는 샴푸인것 같아요👌🏻👌🏻
진심으로 염색과 탈색으로인한 모발 손상과 PH 밸런스를 맞춰 줄수있도 록 약산성으로 만들어진 헤어플러스 컬러 본드 보색 샴푸는 멜라닌 색소 중화, 안티 옐로우 효과로 인해 염색 색상과 퇴색 그리고 물빠 짐을 보완하여 예쁜 염색 색상을 오래도록 유지할수 있도록 도움을 주는 샴푸랍니다 그리고 가성비도 좋고 우수한 제품이라고 생각합니다.😉
헤어플러스 컬러 본드 보색샴푸는 실제 헤어샵에서 염색 및 탈색 시술시 최종 염색전에 탈색모의 노란기를 잡아 주기 위해 사용 되는 제품이라고 합니다. 여러분에게 적극 추천 드리고 싶어요.
도움이 되셨다면 버튼 한번 꾸욱 부탁드리겠습니다!🙇🏻‍♀️💗",5
뷰티플데이,93,"한달사용 리뷰 들어갑니다~~
손에 묻어 나지 않는 깔끔함 그리고 염색 탈색후 예쁜 컬러를 유지 하고 집중 단백질 케어로 손상된 머리를 개선 시켜주며 퍼플 플로랄 머스크의 매일 스며드는 향긋함과 인체 피부 일차 자극 시험에서 저자극성 제품인 헤어 플러스 컬러 본드 보색 샴푸는 염색 후 제 머릿결을 아름답게 유지 시켜 주는 샴푸인것 같아요
진심으로 염색과 탈색으로 인한 모발 손상과 PH 밸런스를 맞춰 줄수있도록 약산성으로 만들어진 헤어플러스 컬러 본드 보색 샴푸는 멜라닌 색소 중화, 안티 옐로우 효과로인해 염색 색상과 퇴색 그리고 물빠짐을 보완하여 예쁜 염색색상을 오래도록 유지할수 있도록 도움을 주는 샴푸랍니다 그리고 가성비도 좋고 우수한 제품이라고 생각합니다.
헤어플러스 컬러 본드 보색샴푸는 실제 헤어샵에서 염색 및 탈색 시술시 최종 염색전에 탈색모의 노란기를 잡아 주기 위해 사용 되는 제품이라고 합니다. 여러분에게 적극 추천 드리고 싶어요.
도움이 되셨다면 버튼 한번 꾸욱 부탁드리겠습니다🙇🏻‍♀️💗",5
뷰티플데이,79,"한달사용 리뷰 들어갈께요~~
올리브영에서 달콤한 간식거리를 찾다가 롯데 아몬드 초코볼을 구입했어요 롯데 아몬드 초코볼은 초콜릿 가공품으로 내용량은 46g입니다 그리고 아몬드 25%와 코코아 매스 10%를 함유하고 있고 더블 초코라고하네요
초콜릿 가운데 아몬드가 들어있고 초콜릿으로 코팅 되어 있어요. 유통기한도 넉넉하고 정말 아이들 간식거리로 너무 맛있어요. 개봉을하면 플라스틱 용기로 이중 포장되어 있고 크기는 엄지 손톱보다 조금 더 큰것같아요. 그리고 패키지 가 고급져 보여요. 포장안에 12개 아몬드 초코볼이 들어있고 TV 보면서 하나하나씩 먹다보면 금새 다 먹는것 같아요. 초콜릿은 아주아주 부드럽고 단 느낌보다는 약간의 다크 초콜렛 느낌인것 같고, 아몬드가 꽤 큰 것이 들어 있어서 개인적으로 정말 좋아합니다. 저는 커피와 자주 먹고 있어요. 롯데 아몬드 초코볼 너무 맛있어요
도움이 되셨다면 버튼 한번 꾸욱 부탁드리겠습니다!🙇🏻‍♀️💗",5
뷰티플데이,80,"5:48
100
한달사용 리뷰 들어갈께요~~
젤네일을 너무해서 손톱이 상하니까 정말 기분이 안좋았어요. 그래서 오랜만에 올리브영에서 폴리쉬네일을 구매했습니다. 바로 웨이크 메이크 네일건 글리터 48번 드리미 모먼트랍니다 이 웨이크메이크 드리미 모먼트는 지속력도 뛰어나고 가성비가 아주 좋았어요. 정말 잘 발리고 잘 말라서 사용하기가 아주 좋았어요. 48번 드리미 모먼트는 빛에따라 여러 빛깔이 나는것 같아 다양한 느낌이들어서 너무 좋았어요. 색감 자체도 아름답고 48번 드리미 모먼트를 발랐을때 다른 제품보다 연하게 발라도 정말 예쁘고 빨리 마르는것 같아 좋았답니다 보라색이 아주 영롱하고 펄도 굉장히 세련되어 어떤 계 절에도 어울리는 색감인것 같아요. 저는 개인적으로 1콧 바르고 손 톱부분만 좀더 채워주는 느낌으로 윗쪽만 2콧 발랐더니 훨씬 세련 되고 예쁜것 같았어요. 그리고 제품 자체 브러쉬가 크지않아 바르기 좋고 결이 안남아서 아주 좋았답니다",5
뷰티플데이,81,"한달사용 리뷰들어갈께요~~
우리딸은 너무 지성두피라 샴푸후 몇시간만 지나도 금새 머리가 떡지는 상태라 항상 드라이샴푸를 사용해요 그리고 우리딸이 가장 좋아했던점은 휴대하기편리하고 컴팩트한 사이즈라고 했어요 이번에 올리브영에서 우리 딸을위해 로즈마리 드라이샴푸 파우더를 구입했 어요. 두피에 유분과 불쾌한 냄새를 케어해주는 제품으로 벨벳 텍스 처의 미세 파우더가 두피와 모발의 과도한 유분을 잡아주어 뽀송하 고 볼륨있는 헤어스타일을 유지 해줍니다 사용하고나면 정말 방금 감은듯 산뜻하게 두피 유분과 뿌리에 볼륨을 케어 해 줍니다. 머리 감지않은날에도 우리딸이 원하는 볼륨 있는 스타일링을 해주어서 너무 좋아해요. 그리고 언제 어디서도 쓸수있게 가방에 쏙 들어가는 사이즈라 너무 좋다고 합니다. 강력 유분 흡착 파우더로 아주 미서 한 파우더가 뭉침 없이 헤어를 뽀송뽀송하게 유분을 컨트롤해주고 상쾌하고 활력있는 로즈마리향으로 정수리 냄새를 케어해주고 산뜻 한 두피 컨디션으로 케어하여 정수리 볼륨을 개선시켜 줍니다. 로즈 마리 추출물, 로즈마리오일, 비오틴, 판테놀, 아르간오일로 두피에 영양을 케어해주고 편백잎 추출물, 4-터피네올로 두피냄새를 케어 해줍니다. 퍼프 일체형용기로 간편하게 톡톡 두드리면서 사용하고 퍼프 부분을 누르면 파우더가 나오도록 설계된 용기로 사용하지않 을땐 가루날림이없어 휴대가 용이하고 사용시 적당량만 도출 되어 양 조절 필요없이 편리하게 사용할수있는 제품입니다 여러분에게 아로마티카 로즈마리 드라이 샴푸 파우더를 적극 추천합니다
도움이 되셨다면 버튼 한번 꾸욱 부탁드리겠습니다!🙇🏻‍♀️💗",5
뷰티플데이,82,"5:38
한달사용 리뷰 들어갈께요~~
탱글티저 스칼프 마사지 브러쉬는 국제 모발학회 인정상품이며 샴푸할때 깨끗하게 두피를 클렌징해주며 일상생활에서 두피마사지 브러쉬로도 사용할수있는 제품입니다.
저는 개인적으로 보라색을 좋아해서 보라색으로 올리브영에서 구입을 했고 제품자체가 한손에 컴팩트하게 들어오는 사이즈라 휴대하기도 좋고 편리하게 사용하고 있습니다.
스칼프 마사지 브러쉬는 듀얼티스 테크놀로지로 얇은 긴모는 유연하고 긴 브러쉬 모가 묵은 각질과 헤어제품의 잔여물 제거를 돕는제품이랍니다.
그리고 모발 사이사이 기분좋은 두피 자극 마사지를 해주는것 같아 너무 좋았어요
두껍고 짧은모는 두피 지압점을 지긋이 눌러 탈모와 스트레스 완화를 돕는 시원한 두피 자극 마사지를해주는 제품입니다.
손가락을 넣으면 안정감있게 착용이 가능한 인체공학적이고 스마트한 디자인인 스마트윙 디자인으로 스칼프 마사지 브러쉬는 세손가락을 이용해 끼워서 사용하시면 아주 간편하게 사용하실수 있습니다. 스칼프 마사지 브러쉬는 깨끗하고 개운한 두피 클렌징과 탈모 고민이 많으신분 그리고 두피 마사지 가 필요하신 분들에게 적극 추천 드리고 싶습니다.",5
뷰티플데이,37,"한달사용 리뷰 들어갈께요~~
라네즈크림스킨 케이스병이 너무 세련된것 같아요 안에 있는 내용 물도 너무좋죠 왜 국민스킨이라 불리는지 사용하고나면 알수있는것 같아요
정말 맑은 스킨에 수분크림을 섞어놓은듯한 우유같은 스킨 인것 같아요
미세먼지와 코로나로 마스크를 장시간 사용하면 피부가 건조해지고 많은 수분감과 탄력감이 떨어져 속상했어요우유빛을 띄는 라네즈 크림스킨은 수분크림 한통을 토너에 다 넣은것 같아요 라네즈 수분듬뿍 크림스킨은 피부에 잘 스며들고 장시간동안 촉촉한 수분감을 유지시켜주는것 같아요
그리고 수분감을 정말 많이주는 토너인것 같아요
어느계절이나 어떤피부타입에도 상관없이 적합할것 같아요 저는 미스트대신에 피부가 건조해질때 미스트병 용기에 담 아서 수시로 얼굴에 분사해요
그럴때마다 건조해졌던 제피부가 금새 탄력있어지는것 같아요 국민스킨 라네즈크림스킨 적극 추천합니다
도움이 되셨다면 버튼 한번 꾸욱 부탁드리겠습니다!🙇🏻‍♀️💗",5
뷰티플데이,37,"한달사용 리뷰 들어갈께요~~
라네즈크림스킨 케이스병이 너무 세련된것 같아요 안에 있는 내용 물도 너무좋죠 왜 국민스킨이라 불리는지 사용하고나면 알수있는것 같아요
정말 맑은 스킨에 수분크림을 섞어놓은듯한 우유같은 스킨 인것 같아요
미세먼지와 코로나로 마스크를 장시간 사용하면 피부가 건조해지고 많은 수분감과 탄력감이 떨어져 속상했어요우유빛을 띄는 라네즈 크림스킨은 수분크림 한통을 토너에 다 넣은것 같아요 라네즈 수분듬뿍 크림스킨은 피부에 잘 스며들고 장시간동안 촉촉한 수분감을 유지시켜주는것 같아요
그리고 수분감을 정말 많이주는 토너인것 같아요
어느계절이나 어떤피부타입에도 상관없이 적합할것 같아요 저는 미스트대신에 피부가 건조해질때 미스트병 용기에 담 아서 수시로 얼굴에 분사해요
그럴때마다 건조해졌던 제피부가 금새 탄력있어지는것 같아요 국민스킨 라네즈크림스킨 적극 추천합니다
도움이 되셨다면 버튼 한번 꾸욱 부탁드리겠습니다!🙇🏻‍♀️💗",5
뷰티플데이,83,"한달사용리뷰 들어갈께요~~
위생적으로 포장된 통에 집게가 하나 들어있는 리얼 베리어 익스트 림 판테놀 토너 패드는 피부 자극 테스트를 완료한 제품으로 100% 순면 원단으로 되어있고 민감성 피부에도 사용 적합한 테스트를거친 제품이랍니다.
패드 한장으로도 묵은 각질을 정돈 시켜주며 피 부 장벽 케어에 많은 도움을 주는 제품입니다.
피부의 묵은 각질을 순하게 정돈 시켜주며 피부결을 개선하여 스킨케어 부스팅을 도와주며 즉각적인 각질과 피부결 개선의 효과를주는 정말 착한 제품인 것 같아요.
그리고 100% 순면 원단으로 자극이 전혀없고 누구나 안심하고 사용할수 있어요
또한 용기입구에 내장된 집게로 손쉽고 위생적으로 패드를 사용할 수 있어 더욱 좋아요.
독자 개발 트리플 세라마이드를 함유하여 물리적 자극으로 약해진 피부 장벽을 개선 시켜 촉촉함을 유지시켜주는 제품입니다.
수분 보유력을 향상 시켜 주는 판테놀, 엑토인 성분이 건조한 피부에 겉과속을 즉각적으로 개 선시켜주어 피부 겉 보습과 속 보습 충전에 더할나위없이 좋은 제품 이랍니다.
저는 리얼 베리어 익스트림 판테놀 토너패드로 피부 안쪽에서 바깥쪽으로 부드럽게 닦아낸 후에 스킨케어를 시작 한답니다. 또한 볼이나 코 주변 등에 각질이 일어나있을때 그리고 보습이 필요한 부분에 5분동안 패드를 부착해 보습팩으로 사용하고 있어요 여러분에게 가성비 좋은 보습팩으로 적극 추천 드립니다. 도움이 되셨다면 버튼 한번 꾸욱~~부탁드리겠습니다🙇🏻‍♀️💗",5
뷰티플데이,83,"한달사용리뷰 들어갈께요~~
위생적으로 포장된 통에 집게가 하나 들어있는 리얼 베리어 익스트 림 판테놀 토너 패드는 피부 자극 테스트를 완료한 제품으로 100% 순면 원단으로 되어있고 민감성 피부에도 사용 적합한 테스트를거친 제품이랍니다.
패드 한장으로도 묵은 각질을 정돈 시켜주며 피 부 장벽 케어에 많은 도움을 주는 제품입니다.
피부의 묵은 각질을 순하게 정돈 시켜주며 피부결을 개선하여 스킨케어 부스팅을 도와주며 즉각적인 각질과 피부결 개선의 효과를주는 정말 착한 제품인 것 같아요.
그리고 100% 순면 원단으로 자극이 전혀없고 누구나 안심하고 사용할수 있어요
또한 용기입구에 내장된 집게로 손쉽고 위생적으로 패드를 사용할 수 있어 더욱 좋아요.
독자 개발 트리플 세라마이드를 함유하여 물리적 자극으로 약해진 피부 장벽을 개선 시켜 촉촉함을 유지시켜주는 제품입니다.
수분 보유력을 향상 시켜 주는 판테놀, 엑토인 성분이 건조한 피부에 겉과속을 즉각적으로 개 선시켜주어 피부 겉 보습과 속 보습 충전에 더할나위없이 좋은 제품 이랍니다.
저는 리얼 베리어 익스트림 판테놀 토너패드로 피부 안쪽에서 바깥쪽으로 부드럽게 닦아낸 후에 스킨케어를 시작 한답니다. 또한 볼이나 코 주변 등에 각질이 일어나있을때 그리고 보습이 필요한 부분에 5분동안 패드를 부착해 보습팩으로 사용하고 있어요 여러분에게 가성비 좋은 보습팩으로 적극 추천 드립니다. 도움이 되셨다면 버튼 한번 꾸욱~~부탁드리겠습니다🙇🏻‍♀️💗",5
뷰티플데이,84,"한달사용 리뷰 들어갑니다~~
🤎🍂일단 가을 웜톤, 가을뮤트톤이 사랑할수밖에없는 너무 예쁜 누드베이지에 컬러라서 블러셔외에도 눈밑 애교살에 저는 사용하고 있는 제품입니다.
👉🏻색감이 은은하고 발색력도 좋은편이라 예쁘게 피부에 올라가서 너무 만족하고 사용하고 있어요. 흰끼가 많이 없어서 답답해보이지 않고 피부톤과 비슷한 색감이라 블러셔를 처음 사용해보시는분들이나 쨍한 블러셔 좋아하시지않으면 이 컬러가 너무 사용하기 좋을것 같아요. 양조절 실패해도 걱정없이 예쁘게 자연스럽게 마치 음영주듯 올라가서 너무 좋아요.
👉🏻사용해보니까 가루날림도 적고 지속력도 꽤 좋아서 잘사용하고 있는 정말 가성템입니다. 브러쉬를 사용해서 치크에 올리는게 가장 예쁘게 발색되면서 표현되고 코끝, 턱끝 그리고 이마에도 조금 사용하면 음영효과도 예쁘게 줄수 있는것 같아요.
☝🏻😚피치/ 핑크의 화사하고 귀여운 블러셔 외에 뮤트톤의 채도빠진 예쁜 베이지 컬러의 블러셔 찾고 계신다면 “도토리좋아해” 추천해요! 😉

저의 리뷰가 도움이 되었다면 아래 버튼 꾸욱👇🏻한번 부탁드릴께요🙇🏻‍♀️",5
뷰티플데이,85,"한달사용 리뷰 들어살께요~~
이번 여름 강렬한 햇빛과 더운 날씨때문에 두피에 많은 유분이 올라와 두피와 정수리 냄새때문에 신경이 많이쓰였어요. 그래서 헤어식초가 도움이 된다고해서 올리브영에서 이브로쉐 라즈베리 샤인 헤어식초를 구입하게 되었어요.~~ 이브로쉐 헤어 식초는 두피와 정수리냄새 케어에 효과가 아주 뛰어나고 정수리 냄새를 덜나게 해주는데 분명한 도움을 주는것 같습니다 그리고 사용하면 사용할수록 머릿결이 부드러워지는것 같아 만족감은 두배였어요.
두피에 바르고 문지른후 물로 씻어내는 이브로쉐 라즈베리 샤인 헤어식초 를 저는 거품용기를 사서 덜어서 사용하고 있어요. 정말 두피와 정 수리 냄새로 고민중이신 분들께 적극 추천 드리고 싶어요.
이제품은 자연 유래성분으로 만들어진 제품이며 라즈베리 향으로 사용후에도 기분 좋은 향이 지속되어서 기분이 상쾌해집니다. 그리고 또한 두피건강에 도움도주고 머리숱도 풍성하게 보이도록 만들어주는 제품인것 같습니다.
해양성분과 식물성 성분이 조화를 이루어 모발 깊숙이 영양을 공급하는 효과를주며 머리카락에 윤기를 내주는것 같아요. 여러분에게 적극 추천 드리고 싶습니다.
도움이 되셨다면 버튼 한번 꾸욱 부탁드리겠습니다!",5
뷰티플데이,86,"이번 여름 강렬한 햇빛과 더운 날씨때문에 두피에 많은 유분이 올라 와 두피와 정수리 냄새때문에 신경이 많이쓰였어요. 그래서 헤어식초가 도움이 된다고해서 올리브영에서 이브로쉐 라즈베리 샤인 헤어식초를 구입하게 되었어요.~~ 이브로쉐 헤어 식초는 두피와 정수 리냄새 케어에 효과가 아주 뛰어나고 정수리 냄새를 덜나게 해주는데 분명한 도움을 주는것 같습니다 그리고 사용하면 사용할수록 머릿결이 부드러워지는것 같아 만족감은 두배였어요.
두피에 바르고 문지른후 물로 씻어내는 이브로쉐 라즈베리 샤인 헤어식초를 저는 거품용기를 사서 덜어서 사용하고 있어요. 정말 두피와 정 수리 냄새로 고민중이신 분들께 적극 추천 드리고 싶어요.
이 제품은 자연 유래성분으로 만들어진 제품이며 라즈베리 향으로 사용후에도 기분 좋은 향이 지속되어서 기분이 상쾌해집니다. 그리고 두피건강에 도움도주고 머리숱도 풍성하게 보이도록 만들어주는 제품인것 같습니다.
해양성분과 식물성 성분이 조화를이루어 모발 깊숙이 영양을 공급하는 효과를 주며 머리카락에 윤기를 내주는것 같아요. 여러분에게 적극 추천 드리고 싶어요
도움이 되셨다면 버튼 한번 꾸욱 부탁드리겠습니다!🙇🏻‍♀️💗",5
뷰티플데이,87,"닥터 자르트 프리쥬비네이션 퍼밍 바쿠치올 크림을 올리브영 체험단을 통해서 받게되어 너무 기뻤습니다 👏🏻👏🏻
요새 환절기라 피부에 보습이 아주 시급한때라 정말 제 피부타입에 맞는 크림이 필요했습니다
닥터 자르트 퍼밍 바쿠치올 크림은 일곱가지 에이징 시그널을 한번에 케어할수있는 아주 가성비 좋고 보습과 주름에 좋은 크림입니다.
만일 아침에 일어나서 베개자국이 오래 간다든지 사진을 찍었을때 얼굴이 넓거나 커진것 같은 느낌이 있다든지 최근 피부표면이 얼룩덜룩해졌던지 또한 피부가 칙칙하고 건조해졌던지 아니면 눈가 표정의 주름이 이전보다 신경 쓰이면 이 닥터자르트 크림을 선택하면 좋을것 같아요.👌🏻👌🏻
정말 요새 환절기라 탄력을잃고 약간 칙칙해진 피부였던것 같은데 닥터 자르트 크림을 바르고서는 제 민감한 피부에도 탄력과 광택을주며 주름개선에도 도움을 받는것같고 또한 아침마다 일어났을때 탄력있는피부로 태어난것 같아 너무 좋았어요. 그리고 바우쿠치올 크림은 레티놀대신 식물성 저자극 원료인 바쿠치올이 함유되어있어서 예민한 피부도 걱정 없이 데일리 사용가능하며 피부 퍼밍효과에 압도적인 도움을 주는 것 같아요. 또한 콜라겐 펩타이드 성분이 무너진 피부 장벽을 잡아 피부탄력 효과를 부스팅하는데 도움을 줍니다.
바쿠치올과 콜라겐 펩타이드 성분이 결합되어 늘어지고 칙칙 해진 피부를 탄탄하고 어려보이는 건강한 피부로 가꾸어 준답니다
정말 여러분도 사용하고나시면 분명히 피부 탄력개선과 주름 개선 피부결개선 피부보습의 많은 도움을 받으실수 있다고 확신합니다.
텍스처는 굉장히 매끄러운 발림성이있어서 좋고 충분한 보습이 더해져있어 탄력시너지 효과를 높여주며 낮에는 에브리 데이 선크림과 함께 바르면 더욱 완벽한 에이징 케어를 느낄 수 있어요. 여러분에게 적극 추천 드립니다.
이 리뷰가 마음에 드셨으면 좋아요 한번 부탁드립니다.🙇🏻‍♀️💗",5
뷰티플데이,54,"한달사용 리뷰 들어갈께요~~
메이크업할때 필수품인 필리밀리 슬림헤드 눈썹칼은 눈썹 앞머리 정리하기에 아주 좋은 제품이랍니다. 두개가 한쌍인 슬림헤드 눈썹칼은 칼날이 아주 예리하며 얇은헤드가 너무 맘에 들었어요. 그리고 눈썹정리 할때마다 느끼지만 칼이 아주 잘 들고 힘을 약하게주어도 아주 깨끗하게 눈썹이 밀리면서 잘 정리가 되는것같아요. 내구성도 좋고 사용하기도 편리한 필리밀리 슬림헤드 눈썹칼은 깔끔하고 예쁜 눈썹을위한 필수 아이템인것 같아요. 또한 가성비도 좋고 예쁜 눈썹을 위해서 사용할때마다 섬세하게 정리시켜 주는것 같아 더욱 마음에 들었어요. 눈썹정리에 꼭 필요한 눈썹칼을 이것저것 사용해 보았지만 필리밀리 슬림헤드 눈썹칼만큼 세심하게 눈썹정리를 잘해주는 제품은 없었던것같아요. 저는 올리브영에서 세일 할때 많이 쟁겨두는 편이랍니다. 그리고 사용할때 손잡이가 길기때 문에 잡은부분의 미끄러짐 걱정이 없는것 같아 너무 좋았어요. 여러 분에게적극 추천 드립니다
도움이 되셨다면 버튼 한번 꾸욱 부탁드 리겠습니다🙇🏻‍♀️💗",5
뷰티플데이,88,"한달사용 리뷰 들어갈께요~~
내추럴하면서도 현대적이며 세련된감각의 결정체 존 바바토스 아티산 오드뚜왈렛 포맨은 시트러스를 테마로한 감귤류와 허브톤의 조화로 공기중에퍼지는 시트러스의 상큼함과 프레시함에 우디의 따스함이 잘 짜여져 젊음과깨끗함을 전달해 주는 제품입니다
남동생이 생일이라 선물해주었더니 너무 좋아했어요 심플하면서도 정교한 장인의손길 그리고 캐주얼하면서도 우아하고 여유가있는 디자인이 눈길을끄는 매력적인제품이며 EDT 지속시간은 3~4시간 정 도인것 같습니다. 저는 개인적으로 캬라멜 색상의 등나무로 촘촘하 게 엮여져있는 커버가 보틀을 감싸고 있는 빈티지하면서도 독특한 디자인이 너무 세련되게 느껴집니다. 그리고 빈티지한 느낌의 클래식한 뚜껑도 분위기 있어보여 너무 좋습니다. 분사력도 좋고 레몬과 오렌지 사이의 상큼한 향이 느껴지며 독특한 허브향으로 많은 힐링을 주는 제품입니다. 적극적으로 추천 드립니다.
도움이 되셨다 면 버튼 한번 꾸욱 부탁드리겠습니다!🙇🏻‍♀️💗",5
뷰티플데이,89,"한달사용 리뷰 들어갈께요~~
더마비 바다로션은 자극이없고 아주 순한 제품이며 피부에 금새 스며들어 아주 만족하게 사용하고 있고 피부타입이 다른 우리가족 모두 잘 사용하고있어요
다양한 피부타입인 우리가족은 제품을 공유할때 엄청 힘들어요 하지만 더마비 바디로션운 다양한 피부타입을 신중히 고려해서 만든 제품이라 우리가족 모두의 피부를 부드럽고 촉촉하고 수분감있게 가꿔주는 제품입니다 더마비 바디로션의 성분을 보면 감나무잎 추출물속 카테킨성분 그리고 산뜻한 허브와 페퍼민트향이 조화롭게 어우러져있고 파라벤, 페녹시에탄올, 미네랄오일, 색소, 트리에탈올아민등 피부에 부담이될수있는 성분을 배재하고 저자극, 무첨가 처방으로 어린아이부터 어른까지 안심하고 사용할수 있는 온가족 바디로션 제품이랍니다."" 용량도 많고 어떤 피부타입에도 적합한 더마비 프레쉬 모이스처 바디로션은 끈적임도없고 산뜻하고 보습력도 뛰어나요 특히 피부에 장시간 수분을 공급해주고 빠르게 흡수되어 산뜻한 피부를 가꾸어주는 제품이며 특히 여름에 바르면 좋을것 같아요
모든 연령층과 모든피부에 보습력과 수분감을 선사해주는 더마비 프레쉬 모이스쳐 바디로션을 여러분에게 적극 추천드릴께요
리뷰가 도움이 되셨다면, 도움이돼요 버튼 한번 꾹 부탁드리겠습니다🙇🏻‍♀️💗",5
뷰티플데이,90,"한달사용 리뷰 들어갈께요~~
백탁없고 촉촉한 썬크림인 *닥터지 썬크림*을 처음 사용해보고 너 무좋았답니다 정말 놀랍게도 백탁없이 수분크림을 바르는듯한 텍스쳐고 어떠한 피부타입에도 다 사용하기 좋은 묽은 크림타입의 썬크림 제품입니다 3워터베이스에 병풍베이스 시카성분과 진정케어에 좋은 다섯가지 케어성분 병풀잎, 병풀뿌리, 병풀잎줄기, 시카효모 그리고 시카복숭아꽃까지 피부타입이 민감하신분들도 만족하게 사용하실 썬크림입니다
저는 민감한 피부에 건성피부라서 좀 까다롭게 썬크림을 찾아보는데 이제품은 사용해보니까 눈시림이 없어서 너무 좋았어요
그리고 촉촉하게 마무리되는데 끈쩍임이없어서 덥고 습한날에도 바르고 나갈수 있는제품이라 너무 좋았어요
목주위에 백탁있는 선크림을 바르면 옷에 묻어나는데, 이제품은 그런 걱정이없어서 너무 좋았고 저는 팔에도 발라줍니다 무엇보다도 가성비가 좋아 여유롭게 바르고 있어요
혹시 리뷰가 도움이 되셨다면, 도움이돼요 버튼 한번 꾹 부탁 드리겠습니다🙇🏻‍♀️💗",5
뷰티플데이,57,"칙칙한 피부가 신경쓰이시는 분들 봐주세요!👉🏻💓
🤔나이가 들어가면서 가장 신경이 쓰이게 되는건 아무래도 얼굴 안색인것 같아요. 하얀 피부가 아니라 환한 광이✨ 느껴지는 피부가 생기도 있어보이고 피부도 좋아보여서 항상 그부분을 생각하며 저만의 스킨케어루틴을 만들게 되는것 같아요.
☝🏻일단 이번에 겨울이 되기전에 꼭 스킨케어 루틴에 추가하고 싶었던 성분이 나이아시나마이드 성분이였어요. 하지만 제 예민하고 건성인 피부에 맞는 제품을 찾는게 쉽지는 않더라고요. 성분이 너무 강하면 심하게 건조함과 오히려 피부가 더 안좋아져서 적당한 함량과 아무래도 예민한 피부에 진정효과와 건조함을 같이 잡아주는 제품을 찾고 있었는데요. 드디어 찾았습니다!🥹🧡
☝🏻코스알엑스의 알파알부틴 디스컬러레이션 세럼은 트러블 흔적 고민을 위한 6가지 핵심성분 알파 알부틴, 나이아시나마이드, 아세틸 글루코사민, 트라넥사믹 애씨드, 패룰릭 애씨드 그리고 글루타티온이 피부트러블로 인한 색소침착되는 부분을 핵심공략해서 미백에 도움을 주는 세럼이라고 하네요. 그런데 이런 고함량 트러블 색소침착 집중케어 성분이 예민한피부에 무리 되는걸 방지할수 있게 진정성분 5가지까지 (히알루론산, 판케놀, 토코페롤, 알리토인, 마데카소사이드) 같이 포함되어서 저같이 예민 건조 피부에 너무나 안정감을 주더라고요.
☝🏻🧡저의 팁은 항상 손목에 테스트를 꼭 해보고시고 얼굴에 사용하는것을 권장하고요. 저는 처음에 3일동안은 혹시나 고함량성분으로 피부가 예민해질수도 있을까봐 코스알엑스의 스네일 뮤신 에센스를 두펌프 추가해서 얼굴에 도포해주고 아침에는 반드시 수분크림과 썬크림으로 마무리해줬고 밤에는 다른 레티놀 성분과도 사용해봐서 피부 상태를 지켜보았는데 아무런 문제 없이 정말 가벼우면서도 촉촉한 느낌으로 만족하면서 사용했습니다.
👉🏻지금은 토너 다음으로 바로 세럼을 찹찹 발라주고 있어요. 굉장히 묽은 제형의 세럼이고 베이지색감의 촉촉하게 느껴지는 세럼입니다. 일주일 사용해보니까 피부 표면에 오돌토돌한 부분들이 진정된것을 볼수 있었어요. 전체적으로 수분감이 들면서도 끈쩍이지 않은 세럼이라서 사용이 편했어요. 환해지는 느낌도 들었는데 그건 좀더 꾸준히 사용해주고 확인이 가능할것 같아요!

💓😚피부트러블 자국이나 색소침착이 고민이신 분들중에 저처럼 초초초 예민하고 건조한 타입의 피부타입 이신분들 꼭 한번 사용해보세요. 이번에 나이아시나마이드 성분이 있고 그외에 좋은 성분의 세럼을 발견해서 이번 가을 겨울에 피부 예쁘게 가꿀 예정입니다. 정말 추천드려요!😉",5
뷰티플데이,91,"이미 너무나도 유명한 애교살 잇템!
아이돌분들의 예쁜 아이 메이크업에서 절대적인 제품이죠~ 반짝임과 사랑스러워보이는 애교살을 극대화 시켜주는 제품으로 통통한 펜슬 타입이고 펜슬샤 프너를 사용해서 계속 써야하는 제품입니다.
∞ 저는 이번에 듀버이지 제품을 사용해봤고 사용해보니까 발색력이 좋고 생각보다 지속력도 있더라고요! 4시간 정도는 지속력이 유지되는것 같았습니다.
색감은 밝은 샴페인색감에 약간 흰톤의 베이스컬러여서 쿨 톤분분들에게 더예쁘게 발색이 될것 같습니다. 웜톤분들도 사용할 수 있는데 제생각에 전체 밑에 발라주는것 보다 포인트로 눈앞쪽 부분과 애교살 가운데 부분에 그려주면 예쁘게 표현이 되는것 같아요.
발림성도 쓱쓱 잘발려서 부드럽게 눈밑에도 부담없이 사용할수 있어서 좋은 것같아요. 오히려 두께감도 있게 그려져서 도톰한 애교살 연출도 쉬워요!
저는 하이라이터로 써도 예쁜것 같아서 소량을 코끝과 콧등에 살짝 발라준다음 손으로 가볍게 두드려주면 예쁜 하이라이터로도 사용이 가능하답니다!
다른색상도 구매할것같아요! 예쁜 애교살 하이라이터 필요한분들 꼭 한번 사용해보세요!
도움이 되셨다면 아래 버튼 한번 꾸욱 눌러주시면 너무 감사하겠습니다🙇🏻‍♀️💗",5
뷰티플데이,92,"한달사용 리뷰 들어갑니다
손에 묻어 나지 않는 깔끔함 그리고 염색 탈색후 예쁜 컬러를 유지 하고 집중 단백질 케어로 손상된 머리를 개선 시켜주며 퍼플 플로랄 머스크의 매일 스며드는 향긋함과 인체 피부 일차 자극 시험에서 0.000 저자극성 제품인 헤어 플러스 컬러 본드 보색 샴푸는 염색 후 제 머릿결을 아름답게 유지 시켜 주는 샴푸인것 같아요👌🏻👌🏻
진심으로 염색과 탈색으로인한 모발 손상과 PH 밸런스를 맞춰 줄수있도 록 약산성으로 만들어진 헤어플러스 컬러 본드 보색 샴푸는 멜라닌 색소 중화, 안티 옐로우 효과로 인해 염색 색상과 퇴색 그리고 물빠 짐을 보완하여 예쁜 염색 색상을 오래도록 유지할수 있도록 도움을 주는 샴푸랍니다 그리고 가성비도 좋고 우수한 제품이라고 생각합니다.😉
헤어플러스 컬러 본드 보색샴푸는 실제 헤어샵에서 염색 및 탈색 시술시 최종 염색전에 탈색모의 노란기를 잡아 주기 위해 사용 되는 제품이라고 합니다. 여러분에게 적극 추천 드리고 싶어요.
도움이 되셨다면 버튼 한번 꾸욱 부탁드리겠습니다!🙇🏻‍♀️💗",5
뷰티플데이,93,"한달사용 리뷰 들어갑니다~~
손에 묻어 나지 않는 깔끔함 그리고 염색 탈색후 예쁜 컬러를 유지 하고 집중 단백질 케어로 손상된 머리를 개선 시켜주며 퍼플 플로랄 머스크의 매일 스며드는 향긋함과 인체 피부 일차 자극 시험에서 저자극성 제품인 헤어 플러스 컬러 본드 보색 샴푸는 염색 후 제 머릿결을 아름답게 유지 시켜 주는 샴푸인것 같아요
진심으로 염색과 탈색으로 인한 모발 손상과 PH 밸런스를 맞춰 줄수있도록 약산성으로 만들어진 헤어플러스 컬러 본드 보색 샴푸는 멜라닌 색소 중화, 안티 옐로우 효과로인해 염색 색상과 퇴색 그리고 물빠짐을 보완하여 예쁜 염색색상을 오래도록 유지할수 있도록 도움을 주는 샴푸랍니다 그리고 가성비도 좋고 우수한 제품이라고 생각합니다.
헤어플러스 컬러 본드 보색샴푸는 실제 헤어샵에서 염색 및 탈색 시술시 최종 염색전에 탈색모의 노란기를 잡아 주기 위해 사용 되는 제품이라고 합니다. 여러분에게 적극 추천 드리고 싶어요.
도움이 되셨다면 버튼 한번 꾸욱 부탁드리겠습니다🙇🏻‍♀️💗",5
심심하면올영구경함,94,날이 추워지면서 볼 쪽이 많이 건조해져서 구매한 크림 입니다!! 악건성 추천템이라고 많이 추천 하시길래 너무 리치하진 않을까 했는데 지금 날씨에 양조절 해서 바르면 딱 좋습니다😍 그래도 지성분들 보다는 건성 혹은 복합성 분들께 더 추천드려요!!,5
심심하면올영구경함,37,"요즘 얼굴이 너무 건조해서 새로 산 스킨인데 넘 맘에 들어요...🥹💓 미스트 펌프로 뿌리면 자극도 1도 없고 고루 뿌릴 수 있어서 증말 좋습니다..//
생각보다 무거운 제형감이 아니여서 피부타입 안 가리고 다 잘 쓸 수 있을 것 같아요!! 넘 좋아요",5
심심하면올영구경함,95,사서 어머니 드린 제품이에용 촉촉하고 순한것 같습니다!!,5
심심하면올영구경함,96,"♥️ 사용감
바를 때는 촉촉하게 잘 발려서 쉽게 바르기 좋아요!!💧💧다 바르고 나서도 끈적이지 않아서 피부 타입 타지 않고 바르기 좋을 것 같아요😍

♥️디자인
한 손에 들어오는 사이즈로 너무 크지 않아 주머니에 넣고 다니기 딱 좋습니다~ 퍼프도 균일하게 구멍이 있는 퍼프라 고르게 바르기 좋게 나왔어요👍

성분도 좋은 선쿠션이라 피부가 민감하시거나 다른 선쿠션 썼을 때 너무 건조했다면 이 쿠션 한 번 도전해 보시는 걸 추천 드릴게요😘😘",5
심심하면올영구경함,56,이제 이거 없으면 불안해서 못 살아감. 클린걸이되.🩷🩷,5
심심하면올영구경함,97,코 옆 끼임도 적고 수정화장 안 했을 때 특유의 몽글몽글하게 올라오는 현상도 거의 없었습니다!! 단점은 시간이 지나면 다크닝이 생겨서 처음 발랐을 때보다 어두워져요😭 밝은 21호~19호 쓰시는 분들이라면 거의 피부색과 비슷해집니다!!! 화사한 표현 좋아하시는 분들은 시간 지났을 때 만족스럽지 않을 수도 있어요!!,4
심심하면올영구경함,98,어 생각보다 되게 맛있었어요 단백질 특유의 텁텁한 맛이 아예 안 느껴짐 걍 달달하고 맛있는 초코바 맛이에요,5
심심하면올영구경함,99,칙칙한 안색 밝혀주기 딱 좋은 컬러감 입니다!! 다른 컨실러 보다 조금 더 밝은 편이라 21호이상 피부에게 더 잘 맞을 거 같은 색상이었어요. 특히 보라색 컬러가 깔끔하게 노란끼를 잡아줘서 너무 좋습니다🥰,5
심심하면올영구경함,100,라로슈포제 크림 쓰고 피부광명 찾아서 리뷰 남깁니다ㅠㅠ!!😭😭 피부장벽이 와장창 깨지면서 크림 뭘 써도 안 맞았는데 유일하게 라로슈포제 크림만 잘 맞아서 열심히 사용했더니 피부가 많이 돌아왔어요!!!♥️♥️ B5+는 피부집중케어용 B5리페어크림은 데일리용으로 쓰고 있습니다!! 피부장벽손상으로 여드름이 나는 피부라면 B5+ 먼저 사용하시는 거 추천 드려요!,5
심심하면올영구경함,101,투크 아이라이너 제품 너무 좋아해서 벌써 3개나 구입 했어요... 로지뮤트 색상은 화장 연하게 하시는 분들도 힘 조절 해서 연하게 바르면 밑트임 하기 딱 좋은 컬러입니다!! 자연스럽게 트여요,5
심심하면올영구경함,45,너무 예쁜 뮤트핑크 컬러 입니다ㅠ ㄹㅈㄷ... 넘 예뻐서 침나옴... 베어리 컬러 인생블러셔로 쓰고 있어서 소프티 구매했는데 얘도 엄청 잘 쓸 거 같아요 둘다 엄청 쿨한 컬러는 아니고 미지근 합니다❤️‍🔥 소프티가 베어리보다 약간 더 쿨한 느낌이에요,5
심심하면올영구경함,102,일반 하이라이터 발색 보다는 약하고 거의 물광에 가까운 느낌 입니다 솜털 많아서 하라 올리면 다 뜨는 피부 강추템이용,5
심심하면올영구경함,103,사실 코 쪽은 피지가 많이 없는지 거의 안 나왔는데 나비존에 박혀있던 안 나오던 피지가 이거 쓰고 쏙 나와서 대만족. 강추,5
심심하면올영구경함,104,가성비가 넘 좋은 팩... 가격 대비 효과가 너무 좋아서 재재재구매 하고 있어요 세일할 때 좀 쟁여 놓으려구용,5
심심하면올영구경함,105,뷰티 유튜버 분께서 이 제품 사용 하신 거 보고 반해서 구매 했어요..^^ 여쿨~봄웜 사이 핑크 느낌 입니다 생각보다 좀 더 뮤트 했어요,5
심심하면올영구경함,105,바를 땐 촉촉한데 다 펴 바르면 뽀송하게 픽싱 되는 느낌이에요 그리고 이 컬러 넘 이뻐요 진짜 완전 뮤트한 보라색? 느낌인데 개애애애이뻐요,5
심심하면올영구경함,106,바르고 난 직후에는 잘 모르겠는데 한 2분? 지나면 갑자기 쿨링감이 엄청 강하게 올라와요!! 근데 전 이게 좋음 데일리로 바르기 좋아용 근데 향은 좀 호불호 있을 거 같아요,5
심심하면올영구경함,56,아 증말 이제 이거 없음 못 살아감. 진짜 내 필수템. 다른 걸로 닦으면 다 넘 찝찝햐~~~~!!!,5
심심하면올영구경함,107,제 친구가 니베아 립밤을 아주 잘 써서 구매 했습니다. 립밤+틴트 효과를 동시에 낼 수 있어서 좋다고 하네용,5
심심하면올영구경함,108,제가 바르니까 입술만 보여서 겨쿨 친구에게 발라줬는데 진짜 너무 옘브더라구요... 지속력도 좋음,5
코기러버,109,"평소 영양제나 건강식품에 관심이 많아서
365일 챙겨먹고 있고 다양한 제품들을 먹어봤어요
이뮨타입? 알약이랑 액상이랑 같이 먹는 타입은
가격이 좀 부담스러워서 자주 먹진 않는데
바이탈뷰티 먹고 효과가 너무 좋아서 앞으로 먹어볼까
고민 중입니다
스케줄 근무를 하고 있어서 수면패턴이 엉망이라
새벽에 잠을 거의 못자고 출근할 때가 많아요
혹시나 하는 마음에 이거 먹고 며칠 출근해봤는데
기분탓인지 뭔지 진짜 하루종일 정신이 말짱하더라구요
평소같았으면 몽롱~한 상태여야 하는데
이거 먹은 날에 근무 집중도 잘되고
피곤함이 거의 느껴지지 않아서 아주 만족했습니다
지금까지 체험단으로 받은 제품들 중 만족도 탑3 안에 들어요
감사합니다!!
*액상은 일반 비타민 음료랑 거의 비슷해요
약간 시큼한 맛인데 거부감없이 삼킬 수 있습니다",5
코기러버,110,"조금씩 추워지기 시작하고 이거 라이트 버전으로 먼저 사서
썼는데 진짜 너무 좋아서 한겨울에 쓰려고 오리지널 익스트림
크림도 샀어요 확실히 라이트보다 더 무겁고 보습력 좋습니다
약간 밤타입에 가까워요 꾸덕해서 잘 펴발라야 합니다
제형 자체는 무거운 것 같은데 막상 바르면
희한하게 촉촉하고 막 기름지지 않아서 좋아요
아침저녁 다 써봤는데 진짜 건조할 틈이 1도 없어요
겨울용 보습크림으로 아주 딱입니다 딱이에요",5
코기러버,111,"투명한 겔제형이고 연고처럼 점성이 있진 않아서
가볍게 펴바르기에 좋아요
여드름쟁이라 붉은자국 관리에 아주 진심인데
점점 옅어지는 게 눈에 보입니다 효과가 꽤 있어요
마일드랩 흰색 연고랑 이거랑 둘다 사용 중인데
여드름 압출 직후/아문 뒤 흔적관리용으로 잘 쓰고 있습니다
*피부가 전체적으로 민감한 날이나 기능성제품
(레티놀,비타민C 등) 사용한 날에도 발랐는데 더 빨개져서
그뒤로 약간 조심하고 있어요 초민감성 피부라서.. 하핳..",4
코기러버,37,"진짜 너무너무 잘 쓰고 있어요
가을 접어들고 거의 매일 사용 중인데
속보습에 넘 좋아서 뿌리고 안뿌리고 차이가 좀 있어요
저는 뚜껑 바꿔서 미스트처럼 뿌려서 쓰는데
편하기도 엄청 편하고 흡수도 빨라서 아침에 바쁠 때
사용하면 정말 좋습니다
보습력이 좋은 만큼 유분감도 좀 있습니다
그렇다고 막 기름진 느낌은 아니라서 피부타입 상관없이
가을겨울에 쓰면 딱이에요 완전 강추!!",5
코기러버,112,"한달 전쯤에 레티놀 부작용으로 확 뒤집어져서
뭘 발라도 따갑고 간지럽고 해서
장벽크림이랑 같이 쓸려고 샀어요
근데 뭐 딱히 진정되는 효과는 모르겠고..
그냥 수분크림마냥 발림성 좋고 부드럽게 잘 흡수돼서
사용감은 좋아요
얼굴에 큰 효과는 없는데 마침 요즘 손등이 많이 건조해져서
자기전에 핸드크림 대용으로 듬뿍 바르고 잡니다",3
코기러버,113,"너무너무 잘쓰고 있어요!!
코스x엑스 레티놀 0.3 크림을 몇달간 아주 소량씩 잘 써오다가
어느날 확 뒤집어져서 그뒤로 무서워서 안썼어요..
아무래도 0.3%는 초민감성이 쓰기엔 자극적이라
순한 레티놀로 바꿔야겠다 싶어서 구달 앰플을 사봤어요
아무래도 레티놀 트라우마가 있는지라
소량씩 쓰다가 자극감 없길래 천천히 양을 늘렸고,
지금은 다른 앰플처럼 두번씩 레이어드해서 듬~뿍 바르고 있습니다
제가 듬뿍 발라도 이상 없는 거면 진짜 순한 거에요..ㅋㅋ
점성 높은 제형이라 많이 무거울 줄 알았는데
막상 바르면 그리 무겁지도 않아요 끈적임도 없구요
피부컨디션 좋을 때만 주 1~2회 정도 바르는데
다음날 아침마다 늘 감탄합니다.. 완전 탱탱 그 자체
초민감성 피부인데 레티놀을 끊을 수 없는 이유가 이거에요
진짜 피부결,모공,탄력 다 잡아줍니다 진짜 최고👍🏼👍🏼",5
코기러버,114,"증말 몇번째 재구매인지 셀 수가 없어요
(케어플러스 패치 종류별로 다 사용 중인데
녹색 그림 있는 짜기전 패치는 계속 재구매 중!!!)
프로여드름러라서 여드름 패치는 완전 필수인데
지금까지 써본 패치 중 가장 잘 맞아서 이것만 쓰고 있어요
여드름 종류나 진행속도? 등에 따라 쉽게 안가라앉는 것도
있지만 웬만한 여드름은 거의 다 들어갑니다
**케어플러스 직원분들께... 큰사이즈 패치는 왜 따로
안만들어 주시나요ㅠㅠ 한팩 사면 큰사이즈는 늘 적게
들어있어서 계속 구매하게 만들려는.... 의도는 잘 알겠지만...
그래도ㅠㅠ 제발 빅사이즈 패치만 따로 만들어주세요
제발~~~~",5
코기러버,115,"몇통째 쓰는지 모르겠어요
염색이나 펌을 하지 않은 일반 머리카락인데
그냥 부드러운 머릿결을 위해서
몇년째 샴푸 후 사용하고 있습니다
너무 꾸덕하지도 너무 기름지지도 않고 적당해서
헹구는 시간도 그리 오래 안걸려요
이거 쓰고 안쓰고의 차이가 꽤 큽니다 찰랑찰랑~ 좋아요",5
코기러버,116,"여드름 터졌거나 압출 후에 바르고 있어요
얼굴 뿐만 아니라 몸에 난 상처에도 바르는데
개인적으로 마데카솔 연고보다 아무는 속도가
더 빠르고 효과가 좋은 것 같아요
그리고 다리 제모 후 자극돼서 가렵거나 따가울 때
듬뿍 바르고 자도 좋아요
*보습크림과 연고의 중간 제형이랄까
슥슥 잘 펴발라지고 장미향이 아주 강합니다",5
코기러버,117,"증말.. 최고의 야쿠르트에요👍🏼👍🏼
지금까지 먹어본 클렌즈 음료 중 효과가 가장 좋아요
오늘 아침에 마시고 실시간으로 화장실 들락날락하는 중입니다ㅋㅋㅋ...
할인할 때만 기다렸다가 2~3개씩 쟁여놓고
한두달에 한번씩 주기적으로 마시고 있어요
아주 시큼한 골드키위 맛인데 개인적인 취향에 맞아서
마실 때마다 거부감 전혀 없습니다
지금 화장실 4번째인데 부디 꼭 스케줄 없는 날
집밖에 안나가는 날 아침 공복에 드세요
*참고로 평소에 장이 민감하시거나 화장실 자주 가는 분들은
효과가 없을 수 있습니다(제 주변 과민성대장증후군 지인들한테 추천했는데 효과 없다고 하네요)",5
코기러버,118,"어떤 유튜버분이 이거 몇백개 쓰셨다길래ㅋㅋ
디자인도 너무 귀엽고 평소에 궁금했었는데
마침 할인떠서 종류별로 3개 다 샀어요
일단 자몽향 먼저 개시해서 지금 쓰고 있는데
보습력 지속력 다 괜찮은 편입니다
(립밤 한개에 3천원이면 진짜 착한 가격이죠..!)
근데 입술이 화~한 느낌이 처음엔 적응안돼서
조금 불편했는데 지금은 적응돼서 괜찮아요
*마라탕처럼 매운 음식 먹고 바르면 진짜 많이 화~해요;
참고 바랍니다",5
코기러버,118,"어떤 유튜버분이 이거 몇백개 쓰셨다길래ㅋㅋ
디자인도 너무 귀엽고 평소에 궁금했었는데
마침 할인떠서 종류별로 3개 다 샀어요
일단 자몽향 먼저 개시해서 지금 쓰고 있는데
보습력 지속력 다 괜찮은 편입니다
(립밤 한개에 3천원이면 진짜 착한 가격이죠..!)
근데 입술이 화~한 느낌이 처음엔 적응안돼서
조금 불편했는데 지금은 적응돼서 괜찮아요
*마라탕처럼 매운 음식 먹고 바르면 진짜 많이 화~해요;
참고 바랍니다",5
코기러버,118,"365일 립밤을 달고 사는 사람인데 이거 생각보다 괜찮네요!
지금까지 바이x더마 립밤만 몇년 썼는데
어떤 유튜버분이 맨소래담 립밤을 몇백개 쓰셨다길래ㅋㅋ
디자인도 너무 귀엽고 마침 할인하길래
3가지 향이 넘 궁금해서 종류별로 사봤어요
흔히 하는 자몽허니블랙티 음료 딱 그 향이에요
보습력 좋고 지속력도 꽤 괜찮습니다
근데 립아이스 라는 의미가 이런 건지 몰랐는데...ㅋㅋ
입술이 화~ 해져요 목캔디같은 거 먹으면 목구멍 시원해지는 느낌처럼요
처음엔 적응안돼서 약간 불편? 했는데 몇번 바르다 보니
적응돼서 괜찮아요
혹시나 화한 느낌 안좋아하시는 분들은 참고 바랍니다",5
코기러버,114,"프로여드름러라서 여드름패치와 스팟템은 필수에요
케어플러스 패치는 종류별로 전부 다 사용 중인데
특히 진정용패치(녹색)를 가장 많이 써서
몇번째 재구매인지 모르겠습니다
화농성 제외한 여드름이 올라왔을 땐
아침 세안후 무조건 이거 붙이고 외출해요
빠르면 당일날 저녁, 보통은 1~2일 내로 가라앉습니다
이것저것 써봤지만 케어플러스가 효과가 가장 좋아서
이것만 쭉 쓰고 있어요 완전 강추👍🏼",5
코기러버,119,"와 진짜 이거 최고....👍🏼
최근 환절기+레티놀 부작용으로 피부가 크게 뒤집어져서
거의 한달동안 아침저녁으로 크림미스트랑 장벽크림만 발랐어요
평소에 쓰던 앰플 전부 다 따갑길래
한겨울되면 쓰려고 사놨던 앰플엔 꺼내서 써봤는데
이거 쓰고 회복이 더 빨라졌어요 대박.....
장벽앰플이라고 써있는데 진짜로 장벽케어에 좋아요
아침엔 크림미스트+장벽크림
저녁엔 크림미스트+앰플엔 앰플+장벽크림
이렇게 발랐더니 요즘 피부가 거의 다 돌아와서
기분 짱좋아요ㅠㅠㅠ 대용량인 거에 비해 가격도 저렴해서
진짜 안쓸 이유가 없어요
한겨울용 보습/장벽앰플이라 유분감 높고 리치한 편입니다
시간차를 두고 적은 양으로 레이어드해서 바르는데
그냥 바르자마자 얼굴이 반지르르~ 한 게 보습에 진짜 좋아요
초민감성 피부에 잘 맞아서 성분도 순한 것 같습니다
완전 찐으로 강추해요👍🏼👍🏼",5
코기러버,120,"세상에 살다살다 멜론맛 오메가3를 먹어볼 줄이야
너무 맛있어요ㅋㅋㅋ
그냥 멜론맛 마이쭈 먹는 느낌이에요🍈
역하거나 느끼한 느낌이 전혀 없어서
아이도 어른도 누구나 거부감없이 먹을 수 있어요
하루에 2개 먹으라고 써있는데
저는 너무 맛있어서 한번에 2개를 한꺼번에 먹습니다ㅋㅋ
주변에 먹어보라고 나눠줬더니 다들 맛있다고 하더라구요",5
코기러버,117,"아니 주말에 먹을려고 사놨는데
오늘 봤더니 없어요...??! 엄마가 드셨나봐요..... 흑
이거 진짜 주기적으로 사먹고 있어요
몸속에 있는 거 다 나옵니다... 효과 대박이에요
거의 뭐 대장내시경 전날 먹는 음료수? 그거 같아요
아주아주 시큼한 골드키위 맛이고
용량이 적어서 한입에 꿀꺽 삼킬 수 있어요
지금까지 클렌즈 주스 다양하게 먹어봤지만
전 개인적으로 이 야쿠르트가 가장 효과가 강력해서
완전히 정착했습니다
*골드키위맛(하늘색통) vs 말린자두맛(보라색통)
두종류 있으니 취향대로 골라 드세용",5
코기러버,121,"12개나 쓴 낫친놈[?]인데
최근 피부가 크게 뒤집어지고 잘 안쓰고 있어요ㅠㅠ
그전엔 뒤집어져도 상관없이 잘 썼는데
이게 피부염인지 뭔지.. 여드름 자국에 바르면
따갑고 더 뻘개져서 잠깐 중단한 상태입니다
이걸로 여드름자국 관리해온 1인으로서
진짜진짜 추천해요👍🏼
스킨케어 마지막 단계에 자국 위에 도톰하게 올려놓고
주무시면 됩니다 한달 이상 꾸준히 바르세요 꼭!!",5
코기러버,122,"와 이거 진짜 너무 신기한 앰플이에요
바르자마자 그냥 막 피부 속에서부터 광이 아주그냥✨✨
기분 탓인지 몰라도 피부결이랑 톤도 맑아지고
얼굴이 즉각 화사해집니다
인공눈물 용기로 쓰다가 앰플용기 본품으로 출시되자마자
바로 샀어요
근데 다 좋은데 저는 좀 건조하더라구요
두세번 레이어드하고 크림 바르고 나가면
속보습이 그리 오래 가는 것 같진 않았어요
밤에 듬뿍 바르고 자면 다음날 얼굴 맑음탱탱[?]해져서
외출할 땐 잘 안바르고 밤에만 바르고 있습니다
(참고로 초초초민감성 피부인데 자극감이나 트러블 없이
아주 잘 쓰고 있어요)",5
코기러버,111,"한번 썼는데 마침 피부가 환절기로 뒤집어진 때라
따갑더라구요ㅠㅠ
회복되면 본격적으로 써보고 한달후기 다시 쓰러 올게요!",4
키위새깜자,123,가격이 저렴한 편이라 부담이 적고 피부 진정이 잘 되서 좋아요.,5
키위새깜자,124,두께가 얇아서 사용하기 편한 치실이에요. 보관도 용이해서 추천합니다.,5
키위새깜자,37,날씨가 추워져서 그런지 건조함이 느껴져서 라네즈 크림스킨을 구매했습니다. 촉촉해서 보습이 잘 되고 속건조가 사라져서 좋은데 수부지 피부인 제 피부에는 유분기가 많이 돌아서 조금 아쉽네요.,4
키위새깜자,125,백태 제거가 잘 되서 구취 제거에도 효과가 있어요. 혀가 아프지 않고 구역질도 나지 않습니다. 그리고 스테인레스 소재라서 좋아요.,5
키위새깜자,126,눈 밑 삼각존에 음영을 주려고 구매했어요. 웜톤인데 퍼지가 제일 인기가 많아서 퍼지랑 헤이즈 중에 어떤 걸 살까 엄청 고민하다가 헤이즈로 샀습니다. 지속력 좋고 번짐이 없어요. 스머징브러쉬가 킥이 아닐까 싶습니다. 다음에는 퍼지도 사보려구요.,5
키위새깜자,127,수부지 피부라서 수분을 보충해줄 용도로 세럼을 구매했습니다. 끈적이지 않고 촉촉해서 속건조를 잘 잡아줍니다. 그리고 무향이어서 좋아요. 웰라쥬 앰플도 가지고 있어서 비교해봤는데요. 토리든 세럼이 웰라쥬 앰플보다 농도가 되직해요. 그래서 그런지 웰라쥬 앰플은 가벼운 느낌인 반면에 토리든 세럼은 좀 더 수분감이 느껴져요.,5
키위새깜자,128,1+1 행사하길래 구매했습니다. 오버나이트를 착용하고 자면 생리가 샐까봐 걱정하지 않아도 되서 좋아요. 원래 중형 입었었는데 이번에 대형 사서 입어보니까 대형이 훨씬 더 편하더라구요. 흡수가 잘 되고 부드러워요.,5
키위새깜자,129,우산의 색과 디자인이 너무 예뻐요. L자 우산커버는 처음 써보는데 우산을 빼고 집어넣을 때 엄청 편하네요. 우산커버에 고리가 달려있어서 가방에 걸고 다녀도 될 것 같아요. 그리고 우산이 가벼워서 좋습니다.,5
키위새깜자,130,저의 최애 마스크팩이에요. 피부 트러블이 올라왔을 때 껌딱지팩을 해주면 바로 피부 진정이 됩니다. 시트팩이 부드럽고 밀착력도 좋아요.,5
키위새깜자,131,오래 서있거나 오래 걸은 날에 사용하면 시원해서 좋아요. 다리의 피로가 풀리는 기분입니다.,5
키위새깜자,132,원래 클렌징워터를 썼는데 클렌징밀크가 피부에 더 자극적이지 않다는 말에 구매해봤습니다. 클렌징오일이랑은 다르게 세정 후 잔여감이 남지 않아서 좋아요. 1차 클렌징밀크 사용 후 2차 클렌징폼을 사용해서 이중세안 해주는데 클렌징이 잘 되는 것 같아요.,5
키위새깜자,133,팟 타입으로 나온 립 제품을 바르려고 실리콘 브러시를 구매했어요. 말랑말랑해서 진짜 손가락으로 바르는 느낌이 나서 신기해요. 손으로 바르는 것보다 훨씬 더 위생적이어서 좋아요.,5
키위새깜자,134,원래 댄트롤 회색샴푸를 썼었는데요. 올리브영에서 1+1 행사에 세일까지 하고 있길래 한 번 구매해봤어요. 후기가 좋아서 기대를 많이 했는데 직접 써보니까 왜 후기가 좋은지 알 것 같아요. 지성두피인데 두피 가려움이 확실히 줄었어요. 거품이 잘 나고 향도 좋아요. 그리고 머릿결이 뻣뻣해지지 않는 점이 제일 마음에 들어요. 재구매의사 있습니다.,5
키위새깜자,135,안구건조증이 심한데 멕리듬 아이마스크를 사용해주면 눈 뻑뻑한 증상이 사라져요. 일본 제품이라 아쉽긴한데 효과가 좋아서 꾸준히 재구매해서 사용하고 있습니다.,5
키위새깜자,45,가루 블러셔만 쓰다가 리퀴드 블러셔는 처음 써봤는데요. 촉촉해서 좋아요. 그리고 발색이 연하게 되서 자연스러워요. 아쉬운 점은 두껍게 발리는 쿠션 위에서는 살짝 벗겨짐이 생깁니다. 양에 비해서 가격이 비싼 것도 조금 아쉽습니다.,4
키위새깜자,136,무팁 머리끈이라 머리카락이 끼지 않아서 좋습니다. 색도 무난한 색들로만 구성되어 있어서 유용해요.,5
키위새깜자,137,"수부지 쿠션이라고 후기가 좋길래 구매했어요.
집에 쓰던 쿠션이 많아서 비교해봤는데요.

어뮤즈 세라믹 쿠션 - 다크닝이 거의 없지만 커버력이 낮음
자빈드서울 윙크 쿠션 글로우 - 모공커버가 잘되지만 색이 어둡게 나옴
정샘물 에센셜 스킨 누더 쿠션 - 다크닝이 있고 두껍게 발림

확실히 네이밍 레이어드 핏 쿠션이 얇게 발리고 밀착력이 좋아요. 그래서 그런지 들뜸이 없고 자연스럽습니다. 두꺼운 쿠션을 바르면 얼굴이 답답한 느낌이 드는데 이 쿠션은 그런 느낌이 전혀 안나더라구요. 다크닝도 별로 없는 것 같아요. 단점이라면 커버력이 낮은 거 그거 하나예요. 올리브영에서도 본품+리필 구성이 아니라 리필만 따로 판매해줬으면 좋겠어요. 간만에 마음에 드는 쿠션을 찾게 되어서 좋습니다.",5
키위새깜자,71,저는 바디로션은 더마비 바디로션만 써요. 바디로션은 온몸에 바르는 제품이다보니까 끈적이지 않는 게 좋은데 더마비 바디로션은 끈적임이 적어서 마음에 듭니다. 향도 파우더향이 나서 포근한 느낌이 들어요. 보습도 잘 되서 정말 좋습니다.,5
키위새깜자,130,생리 전 트러블 폭발할 때나 피부 상태가 안좋을 때 해주면 바로 피부 진정이 되서 정말 좋아요. 시트도 엄청 부드럽고 밀착이 잘 되서 만족스럽습니다.,5
키위새깜자,138,집에 토리든 세럼이랑 웰라쥬 앰플 둘 다 있어서 각각 발라보면서 비교해봤는데요. 농도는 웰라쥬 앰플이 더 묽어요. 얼굴에 스포이드로 도포하면 토리든 세럼은 흘러내리지 않는데 웰라쥬 앰플은 쭉 흘러내려요. 수분 충전용이라 바를 때 느낌은 둘 다 거의 비슷하긴한데 흡수 후에는 토리든 세럼에 비해서 웰라쥬 앰플이 더 가볍게 느껴졌어요. 수분감은 토리든 세럼이 살짝 더 있다고 느껴졌습니다.,5
lulululalalah,139,"* 선크림 진짜 열심히
바르는 1인으로서 무기자차+유기자차 같이 씁니당!!

* 수분크림처럼 가볍게 잘 발리고
흡수잘되는 선크림 찾는분들께 추천하고 싶은 제품이에요!!

* 저는 하루에 선크림 최소 한번은 덧바르는데
밀림없이 순하게 잘 발려서 잘 쓰고 있습니당!!",5
lulululalalah,140,"* 핸드크림 이것저것 다양하게 바르는 거
좋아해서 처음 구매해봤어요!!

* 일단 향은 자연적이면서도 중성적인 향이라서
남자분도 쓰기 좋은 향 같아요!

* 휴대하기 좋은 사이즈라 좋은데
보습이 좀 아쉬웠어요!! 보습 지속력이
겨울에 쓰기는 좀 짧은 느낌이었습이다!",5
lulululalalah,141,"* 부활초 크림 지금 일년넘게 쓰면서
여러통 비운 제품입니당!!

* 꾸덕한 크림 좋아하는
건성피부인 저에게 딱인 제품이고
보통 한겹, 많이 건조하거나 추운날에는
두겹 레이어드해서 바르면 딱 좋아요!!

* 전에는 튜브용기 알루미늄이라 조금 아쉬웠는데
이제 튜브용기도 가루안떨어지게
개선되서 넘 좋아요!!",5
lulululalalah,142,"* 달바 오일 미스트 잘 사용하고 있어서
오일 캡슐 크림도 믿고 구매해봤어요!!!

* 건성 피부라서 꾸덕하고 피부에
보습막 제대로 되는 크림 선호하는데
적당히 리치하고 건조한 피부에
보습 잘해줘서 넘 만족합니다!!

* 안에 든 캡슐도 잘 터지면서
피부에 잘 발려서 좋아요!!!

* 건성 피부인 분들, 그리고 크림바르고
괄사 하시는 분들 이 크림 바르고 하는거
추천합니다!!!",5
lulululalalah,143,"* 병원도움없이 나름 홈케어로 끝장 보려고
이것저것 팩도 많이하고 화장품도 많이 쓰는 편이에용!!

* 밤에는 꼭 비타앰플이나 비타에센스 사용하는데
넘버즈인 흔적 앰플 벌써 한달 사용했어요!!!
있는 잡티가 사라지는 건 아니지만
낮에 썬크림 열심히 바르고 저녁에
비타앰플 쓰니 확실히 잡티가 진해지진 않아용!!

* 비타앰플 찾는분들께 추천하고 싶어요!!!",5
lulululalalah,144,"* 입터져서 밤에 야식먹고 싶을 때
괜히 과자나 젤리류 당길때 저는 먹는데요
일단 은근히 포만감이 있습니당!!!

* 살짝 꾸덕하면서도 약간 군고구마 맛이 나는데
꼭꼭 씹어먹게되는 제형이에용!!

* 과자다 젤리대신 간식대용으로 먹기좋아서
저는 재구매해서 먹을 의사있어요!!",5
lulululalalah,145,"* 평소 화장할 때 선크림 두껍게 바른다음
파우더하고 바로 색조화장 해요!!
클렌징오일로만 세안 거의 하는데
아이메이크업 식물나라 립앤아이 리무버로 지워줍니다!!

* 매일 쓰는 제품인만큼 대용량이라서 넘 좋고
눈 따가움이나 시림 없이 잘 지워져서
넘 만족합니다!! 계속 재구매할거에요!!!",5
lulululalalah,146,"* 피부가 건조한 편이라 스킨팩이든 마스크팩이든
주기적으로 해주려고 하는 편이에요!!
특히 밤에는 비타패드 즐겨하는데
흠뻑 적셔져 있고 붙였을 때 잘 붙어있어서 넘 좋아요!!

* 붙이고 나서 다른 일해도 안흘러 내리고,
첫 기초때 속보습 잘 채워져서 넘 만족합니당!!
비타패드 찾는분들께 추천해요!!",5
lulululalalah,147,"* 30대가 되면서 아이패치에 진심이 되어버렸여요.
워낙 늦게 자는 안좋은 수면패턴을 가지고 있어서
아이패치를 더 열심히 쓰고 있어요!

* 지금동안 써본 아이패치중에 가장 두께감이 있고
크기가 큰 편이라 붙이고 이것저것하면 흘러내려요!
붙이고 누워있는 걸 추천합니다!!",5
lulululalalah,45,"* 블러셔 꼭 사용하는 편인데 특히 리퀴드 블러셔
위에 파우더 블러셔 하는 걸 좋아하는 편이에요!!

* 웜톤쿨톤 안타는 데일리용으로 좋은 색상이라서
부담없이 쓰기 좋아요! 착색없이 예쁘게
발색되고 지속력도 좋은 편입니다!!

* 자연스럽게 발색되는 블러셔 찾으시는분들께 추천해요!",5
lulululalalah,148,"* 다크초콜릿 좋아해서 다양하게 구매해서 먹어보는데,
부샤드 초콜릿 넘 맛있어서 꾸준히 재구매해서
먹고 있습니당!!!

* 하나씩 개별포장되어 있어서 휴대하기 편하고
종종 운동 중간에 아니면 밤에 입터짐 방지용으로
먹기 좋아서 계속 구매해서 먹을 것 같아요!!",5
lulululalalah,149,"* 세번째사진은 아랫입술만 바른 사진
* 네번째사진은 입술 전체 발색 사진입니당!!!

* 입술이 건조해서 촉촉한 립 제품을 선호라는데
이 제품은 따로 립밤없이 바로 얹었는데
발색도 잘되도 색감도 예쁘게 올라와서 넘 맘에 들어요!!

* 차분한 다운된 코랄컬러라 톤 안타고
쓸 수 있는 제품이라 좋습니다!!",5
lulululalalah,150,"* 세라마이드 라인 잘 맞는 편이라
세르마이드크림 종종 발라주는데
닥터자르트 제품으로 꾸준히 사용하고 있어요!!

* 크림 중에서는 가격대가 좀 있는 편인데
무향무취이고 얼굴에 자극없이
보습 잡아주는 크림이라 넘 좋아요!!

* 앞으로도 세라마이드 크림은
닥터자르트로 꾸준히 쓸 것 같아요!!!!",5
lulululalalah,37,"* 크림스킨 옛날에 유리병에 들었을때부터
꾸준히 잘 쓰고 있어요!!!
지금은 기벼운 병에 든데다가
리필용으로도 따로 나와서 넘 좋아요!!

* 건성피부라서 특히 겨울에 스킨팩을 많이
사용하는데 아침에 여러겹으로 레이어드해주면
속보습부터 채워져서 넘 좋아요!!",5
lulululalalah,141,"* 건조한 피부라서 꾸덕한 제형의 크림을
선호하는 편입니다!! 특히 가을겨울에 많이 건조해서
아비브 부활초크림 1년넘게 잘 쓰고 있어요!!

* 많이 추운 날은 두겹씩 바르고 나이트케어때도
발라주면 다음날까지 보습이 잘 유지되서 넘 만족합니다!!
앞으로도 꾸준히 잘 구매해서 쓸 것 같아요!!!",5
lulululalalah,151,"* 건성피부라서 평소 패드나 스킨팩으로
최대한 속보습 채워주려고 하는 편입니다!!
여러가지 패드 많이 쓰는데 써본패드 중에서
거의 제일 얇으면서도 안에 시카토너?가
정말 흠뻑 적셔져 있어서 넘 좋아요!!

* 평소 시카라인 잘 맞는분들,
얇은 패드 원하는 분들께 추천하고 싶은 제품이에요!",5
lulululalalah,152,"* 평소 클렌징오일로만 보통 세안하는 편인데
선크림 여러겹 덧 바르거나 메이크업 한 경우에는
폼클렌징으로 2차 세안해주고 있어요!

* 개인적으로 바로 버블폼이 나오는 제품을 선호해서
바로 거품으로 얼굴 세안할 수 있어서 좋고
피부 건조하지 않은 선에서
깨끗하게 세안할 수 있어서 만족합니다!!",5
lulululalalah,153,"* 제가 거의 3-4년째 꾸준히 재구매해서 쓰고있는
아이템입니당!! 홍초같은 느낌인데 샴푸하고나서
모발에만 도포하는 트리트먼트 해주고
두피에는 헤어식초 뿌려주면 넘 시원해요!!

* 특히 저는 머리도 자주 묶고,
모자도 자주 쓰는 편이라서
헤어식초해주면 두피자체가 시원해서 좋아요!!
시원한 두피관리 원하는 분들께 추천해요!!",5
lulululalalah,154,"* 4년째 꾸준히 잘 쓰고 있는 핸드크림입니다!!
맨처음 출시됐을 때부터 사용했는데
향도 넘 좋도 보습도 좋은 편이에요!!

* 사이즈도 딱 휴대하기 좋고,
화이트레인 향이 청순해서 너무 좋습니당!!
유일항 단점이 다 써갈수록 알루미늄 소재라
하얀가루가 떨어진다는 건데...이것만 바뀌면 좋겠어요!!",5
lulululalalah,155,"* 얼굴에 잔털이 많은데 인중은 개인적으로
눈썹칼로 미는 것보다 스트립 왁싱이 편하더라구요!!

* 손으로 따뜻하게 열내준다음에 써주고
피니싱티슈로 찐득한 잔여물까지 닦아주면 됩니다!!

* 왁싱도 잘 되고 피부자극도 없어서 좋았는데
피니싱 티슈가 좀만 더 들어있으면 좋겠어요!!!:)",5
물탕,156,"자극 없고 순한 로션입니다. 건성이라 유분감 있고 촉촉한 로션을 좋아하는데 (피지오겔 좋아해요) 딱 그런 로션인 것 같아요 가을 겨울에는 단독으로 쓰기 조금 건조할 거 같고 이 제품 발라준 뒤에 크림 바르면 딱 좋을 듯 하네요~~
봄 여름철에는 이 제품을 마무리로 바르면 좋을 것 같아요
악건성이신 분들에게는 조금 건조할 슈 있을 거 같고 지성인 분들은 겨울철에 단독으로 사용하시는 거 추천드려요~~",5
물탕,37,"촉촉하고 좋아요~ 엄마 사드렸는데 사용하기도 편리하고 좋다고 하시네요
물 같은 제형이라서 미스트 펌프로 분사했을 때 안개처럼 분사되는데 그렇다고 해서 수분감만 있거나 진짜 물 같은 토너가 아니라 크림스킨인 만큼 유분감도 살짝 있으면서 엄청 촉촉해요
스킨케어 첫 단계로 딱 좋은 듯 하네요
양은 많지는 않은데 기획 세트로 구매해서 괜찮습니다 ~~
겨울에는 모든 스킨 타입에게 다른 계절에는 건성분들이 쓰시기 좋을 것 같아요",5
물탕,157,"무기자차 썬크림이라 자극도 없고 좋았어요~~
대신 백탁 현상은 좀 있었습니다!! 저는 신경 안써서 괜찮았어요
저는 건성인데 바를 때 뻑뻑하지 않고 발림성도 괜찮았어요
사실 선크림은 매일 쓰는 거라 트러블만 안나면 가성비 있는 제품을 선호하는데 이 식물나라 선크림은 크고 가격도 저렴해서 부담없이 사용할 수 있을 것 같네요 ㅎㅎ
저는 반팔이나 민소매 입을 땐 팔에도 꼭 선크림 발라서 앞으로도 계속 사용할 것 같아요~~",5
물탕,158,"지난번 세일 때 구매하고 또 구매했어요!!
사이즈는 대형으로 구매했는데
양이 많은 날 사용하기에 부족함 없는 크기였고 딱히 불편한 점은 없었어요.
이전엔 다른 브랜드 생리대를 사용했었는데 너무 도톰한게 불편했었는데
이건 그렇게까지 도톰하지 않으면서도 흡수력이 좋아서 편하게 사용하고 있어요~
이 생리대를 사용한지 좀 오래되어서 다른 생리대와의 흡수력을 비교하기에는 주관적인 것 같긴 하지만 다른 생리대와 비교했을 때 특별히 엄~~청 좋다거나 엄~~청 별로다 라는 느낌은 들지 않았어요
흡수력은 다른 제품들과 비슷한 것 같아요.
그치만 저는 비교적 얇은데 흡수력이 좋다는 점이 이 제품의 장점이라고 생각합니다~~
그리고 다른 제품들에 비해서 부드러운 것 같은데 이건 개인차가 있으니 적은 갯수로 사보시고 확인해보시는 걸 추천드려요!
크기나 길이는 다른 제품들과 비슷한 것 같아요~~

아쉬운 점은 다른 생리대와 마찬가지로 밀봉이 되어 있지 않다는 점인데 이건 어쩔 수 없는 부분인 것 같긴 합니다..ㅜㅜ

가격은 세일이 없으면 생필품인 것을 감안했을 때 조금 부담스러운 가격일 것 같은데 세일할 때 구매하면 나름 괜찮은 가격인 것 같아요!!
저도 그래서 세일할 때 주로 구매하고 있는데 품절되는 경우도 종종 있으니 구매하시려면 세일기간에는 발빠르게 구매하시는 것을 추천드립니다!!!",5
물탕,159,"잘 사용하던 제품이라 리필 구매했어요!
원랜 일회용 사용했는데 쉬크 쓰고는 여러번 재사용 가능해서 좋아요~~
날도 따로 분류해서 세척 가능해서 편하고 비누가 달려있어서 자극 없이 면도 가능합니다~~
그리고 날이 잘 움직여서 밀착력도 좋아요
근데 아무래도 비누다 보니까 면도 후에 조금 건조한 감이 없잖아 있어서 바디로션은 필수인 것 같아요!!!
피부타입마다 다르겠지만 건성 기준입니다!!
가격도 세일할 때 사면 저렴해서 좋아요! 여름철엔 2개정도 사용하는 것 같고 그 외의 계절에는 잘 사용하지 않아서 비용적으로 부담도 없어서 좋아요~~
비누 향도 좋아요!
불편한덤이라고 하면 일회용은 사용 후 바로 버리면 되는데 이건 세척하고 말리고 하는 과정이 있다보니 조금 귀찮을 수 있는데 여러모로 일회용보다 좋아서 잘 사용 중입니다",5
물탕,160,세일 중에 마침 바디워시가 필요해서 저렴한 가격에 구매했습니다. 우선 좋은 점이 가격이 저렴하다는 점이었습니다. 바디워시는 소모품이다보니까 비싼 제품을 구매하기 조금 망설여졌는데 이 제품은 저렴하게 구입해서 만족합니다. 그리고 대용량이라 편리합니다. 여행용이 아니고서야 집에서 사용할 거기 때문에 자주 교체하지 않아도 되는 대용량이라 좋네요. 욕실에 두고 사용하기 편리합니다. 향은 베이비파우더 향인데 가을 겨울에 좋은 향인 것 같아요. 향은 호불호가 많이 갈리기 때문에 꼭 시향을 해보시고 구매하시는 것을 추천드립니다. 세정력 같은 경우에도 다른 제품이랑 큰 차이가 없다고 느껴졌어요. 샤워타올에 한 번 펌핑하고 문지르면 거품도 잘 나구요! 저렴한 가격에 잘 샀다고 생각해서 다른 분들께도 추천드립니다 ^^,4
물탕,161,"베이스 립스틱으로 사용하려고 구매한 제품이에요.


우선 패키지 디자인이 너무 예뻐요. 깔끔하고 여닫이 부분이 자석이라서 쉽게 여닫을 수 있는 점도 마음에 들었습니다. 그리고 제가 조금 사용해서 잘 안보이는데 립스틱에 각인이 되어있어서 처음 개봉했을 때 매우 예뻤어요. 다만 조금 아쉬운 점은 겉 패키지가 블랙이면 더 예쁘지 않았을까 하는 생각도 드네요.


저는 얼루어 색상을 구매했는데, 채도가 조금 낮고 웜쿨을 따지면 쿨톤에 가까운 것 같긴 한데 웜톤 분들이 아예 못쓰실 정도로 쿨한 색감은 아닌 것 같아요. 미지근쿨 로즈 색상이라고 보시면 될 것 같습니다. 손목 발색보다 입술에 발색했을 때 좀 더 쿨하게 올라왔어요.


촉촉하기보다는 매트하게 발리는 타입입니다. 그런데 막 뻑뻑하지는 않고 부드럽게 발립니다. 다만 입술 각질이나 주름관리는 조금 하고 발라주셔야 할 것 같아요. 저는 촉촉한 립을 선호하는 편인데 제가 선호하는 질감은 아니었지만 베이스로 쓸 생각이라서 괜찮았어요! 베이스로 쓰시려면 좋은 질감인 것 같습니다.",4
물탕,162,"세일때 저렴하길래 별다른 기대는 하지 않고 구입한 제품인데요, 상상 이상으로 좋았습니다!!!! 제가 기대를 하지 않아서도 분명 있겠지만 정말 추천드려요

1. 발림성
크림 타입인데 적당히 묽고 적당히 되직합니다. 화장품으로 치면 크림과 로션 중간 정도 되는 것 같아요! 너무 묽으면 금방 사라지는 느낌이고 너무 되직하면 떡진 느낌이었는데 딱 중간이라 좋았어요!!

2. 흡수
젖은 머리에 바르는 것이다 보니까 바르고 드라이기로 머리 말리면 금방 흡수되는 것 같더라구요!! 저는 이런 에센스 바를 때 떡져 보이지 않는지 확인하는데 그런건 일절 없었습니다!

3. 향
향은 호불호가 갈리다보니까 설명하기 난감한데, 개인적으로는 좋았습니다. 향에 민감하신 분이면 테스터 해보시는 걸 추천드려요~

4. 머릿결 개선
탈색후 검정으로 덮은 머리라서 머리 감고 트리트먼트, 에센스가 필수인 사람인데요, 트리트먼트 없이 이 제품만 발라도 머리 말릴 때 훨씬 수월하답니다.. 손상모이신 분들 추천드려요!!",5
물탕,163,"제가 쓰려고 구매한 건 아니고 광고 보고 어머니께 선물 드렸는데 좋아하시고 잘 사용하시는 중이세요~~!!
광고보고 구매했는데 주름 개선을 바라신다면 꾸준히 사용하셔야 할 것 같고 저희 어머니는 그냥 외출하셔서 보습하는 용도로 사용하고 계신 것 같아요^^
여러가지 버전(??)이 있는데 이 제품을 구매한 건 다른 제품들에 비해 조금 더 유분기가 있는 느낌이라 구매했어요! 산뜻하기는 노란색 가히 멀티밤이 조금 더 산뜻했던 것 같고 핑크색은 조금 더 유분기가 있는 타입이에요.
어머니는 베이스 화장을 잘 하지 않으시는 타입이라 테스트를 해보지는 못했지만 아무래도 밀어서 바르는 타입이다보니 맨 얼굴에 바르는 게 제일 좋을 듯 합니다.
지성이신 분들보다는 건성이신 분들에 더 유용하게 사용하실 수 있으실 것 같아요! 추천합니다 ^^",5
물탕,54,"얇아서 눈썹정리할 때 너무 편리하고 좋아요!! 항상 두꺼운 눈썹칼만 구매했었는데 얇아서 너무 편리하더라구요~~
디자인도 얄쌍하고 이뻐서 좋아요 ㅎㅎ
칼날도 날카로워서 눈썹 정리 잘 되어서 좋아요 그런데 칼날이 너무 날카로워서 조심스럽게 정리하셔야될 것 같아요~~",5
